instant,dteday,season,yr,mnth,holiday,weekday,workingday,weathersit,temp,atemp,hum,windspeed,casual,registered,cnt
1,1/1/2011,1,0,1,0,6,0,2,6,6,0.805833,0.160446,331,654,5.88
2,1/2/2011,1,0,1,0,0,0,2,14,14,0.696087,0.248539,131,670,18.64
3,1/3/2011,1,0,1,0,1,1,1,14,14,0.437273,0.248309,120,1229,18.64
4,1/4/2011,1,0,1,0,2,1,1,14,14,0.590435,0.160296,108,1454,18.64
5,1/5/2011,1,0,1,0,3,1,1,14,14,0.436957,0.1869,82,1518,18.64
6,1/6/2011,1,0,1,0,4,1,1,14,14,0.518261,0.0895652,88,1518,18.64
7,1/7/2011,1,0,1,0,5,1,2,14,14,0.498696,0.168726,148,1362,18.64
8,1/8/2011,1,0,1,0,6,0,2,14,14,0.535833,0.266804,68,891,18.64
9,1/9/2011,1,0,1,0,0,0,1,14,14,0.434167,0.36195,54,768,18.64
10,1/10/2011,1,0,1,0,1,1,1,14,14,0.482917,0.223267,41,1280,18.64
11,1/11/2011,1,0,1,0,2,1,2,14,14,0.686364,0.122132,43,1220,18.64
12,1/12/2011,1,0,1,0,3,1,1,14,14,0.599545,0.304627,25,1137,18.64
13,1/13/2011,1,0,1,0,4,1,1,14,14,0.470417,0.301,38,1368,18.64
14,1/14/2011,1,0,1,0,5,1,1,14,14,0.537826,0.126548,54,1367,18.64
15,1/15/2011,1,0,1,0,6,0,2,14,14,0.49875,0.157963,222,1026,18.64
16,1/16/2011,1,0,1,0,0,0,1,14,14,0.48375,0.188433,251,953,18.64
17,1/17/2011,1,0,1,1,1,0,2,14,14,0.5375,0.194017,117,883,18.64
18,1/18/2011,1,0,1,0,2,1,2,14,14,0.861667,0.146775,9,674,18.64
19,1/19/2011,1,0,1,0,3,1,2,14,14,0.741739,0.208317,78,1572,18.64
20,1/20/2011,1,0,1,0,4,1,2,14,14,0.538333,0.195904,83,1844,18.64
21,1/21/2011,1,0,1,0,5,1,1,14,14,0.457083,0.353242,75,1468,18.64
22,1/22/2011,1,0,1,0,6,0,1,14,14,0.4,0.17197,93,888,18.64
23,1/23/2011,1,0,1,0,0,0,1,14,14,0.436522,0.2466,150,836,18.64
24,1/24/2011,1,0,1,0,1,1,1,14,14,0.491739,0.15833,86,1330,18.64
25,1/25/2011,1,0,1,0,2,1,2,14,14,0.616957,0.129796,186,1799,18.64
26,1/26/2011,1,0,1,0,3,1,3,14,14,0.8625,0.29385,34,472,18.64
27,1/27/2011,1,0,1,0,4,1,1,14,14,0.6875,0.113837,15,416,18.64
28,1/28/2011,1,0,1,0,5,1,2,14,14,0.793043,0.1233,38,1129,18.64
29,1/29/2011,1,0,1,0,6,0,1,14,14,0.651739,0.145365,123,975,18.64
30,1/30/2011,1,0,1,0,0,0,1,14,14,0.722174,0.0739826,140,956,18.64
31,1/31/2011,1,0,1,0,1,1,2,14,14,0.60375,0.187192,42,1459,18.64
32,2/1/2011,1,0,2,0,2,1,2,14,14,0.829565,0.053213,47,1313,18.64
33,2/2/2011,1,0,2,0,3,1,2,14,14,0.775417,0.264308,72,1454,18.64
34,2/3/2011,1,0,2,0,4,1,1,14,14,0.437826,0.277752,61,1489,18.64
35,2/4/2011,1,0,2,0,5,1,2,14,14,0.585217,0.127839,88,1620,18.64
36,2/5/2011,1,0,2,0,6,0,2,14,14,0.929167,0.161079,100,905,18.64
37,2/6/2011,1,0,2,0,0,0,1,14,14,0.568333,0.1418,354,1269,18.64
38,2/7/2011,1,0,2,0,1,1,1,14,14,0.738333,0.0454083,120,1592,18.64
39,2/8/2011,1,0,2,0,2,1,1,14,14,0.537917,0.36195,64,1466,18.64
40,2/9/2011,1,0,2,0,3,1,2,14,14,0.494783,0.188839,53,1552,18.64
41,2/10/2011,1,0,2,0,4,1,1,14,14,0.437391,0.221935,47,1491,18.64
42,2/11/2011,1,0,2,0,5,1,1,14,14,0.506364,0.10855,149,1597,18.64
43,2/12/2011,1,0,2,0,6,0,1,14,14,0.544167,0.203367,288,1184,18.64
44,2/13/2011,1,0,2,0,0,0,1,14,14,0.457391,0.260883,397,1192,18.64
45,2/14/2011,1,0,2,0,1,1,1,14,14,0.375833,0.417908,208,1705,18.64
46,2/15/2011,1,0,2,0,2,1,1,14,14,0.314348,0.291374,140,1675,18.64
47,2/16/2011,1,0,2,0,3,1,1,14,14,0.423478,0.251791,218,1897,18.64
48,2/17/2011,1,0,2,0,4,1,1,14,14,0.505,0.230104,259,2216,18.64
49,2/18/2011,1,0,2,0,5,1,1,14,14,0.516667,0.264925,579,2348,18.64
50,2/19/2011,1,0,2,0,6,0,1,14,14,0.187917,0.507463,532,1103,18.64
51,2/20/2011,1,0,2,0,0,0,1,14,14,0.407826,0.223235,639,1173,18.64
52,2/21/2011,1,0,2,1,1,0,2,14,14,0.605,0.307846,195,912,18.64
53,2/22/2011,1,0,2,0,2,1,1,14,14,0.577778,0.195683,74,1376,18.64
54,2/23/2011,1,0,2,0,3,1,1,14,14,0.423043,0.094113,139,1778,18.64
55,2/24/2011,1,0,2,0,4,1,2,14,14,0.697391,0.250496,100,1707,18.64
56,2/25/2011,1,0,2,0,5,1,2,14,14,0.712174,0.346539,120,1341,18.64
57,2/26/2011,1,0,2,0,6,0,1,14,14,0.537917,0.186571,424,1545,18.64
58,2/27/2011,1,0,2,0,0,0,1,14,14,0.68,0.125248,694,1708,18.64
59,2/28/2011,1,0,2,0,1,1,2,14,14,0.876364,0.289686,81,1365,18.64
60,3/1/2011,1,0,3,0,2,1,1,14,14,0.535,0.216425,137,1714,18.64
61,3/2/2011,1,0,3,0,3,1,1,14,14,0.449583,0.307833,231,1903,18.64
62,3/3/2011,1,0,3,0,4,1,1,14,14,0.318333,0.225754,123,1562,18.64
63,3/4/2011,1,0,3,0,5,1,2,14,14,0.610417,0.203346,214,1730,18.64
64,3/5/2011,1,0,3,0,6,0,2,14,14,0.789167,0.251871,640,1437,18.64
65,3/6/2011,1,0,3,0,0,0,2,14,14,0.948261,0.343287,114,491,18.64
66,3/7/2011,1,0,3,0,1,1,1,14,14,0.551304,0.341352,244,1628,18.64
67,3/8/2011,1,0,3,0,2,1,1,14,14,0.420833,0.12065,316,1817,18.64
68,3/9/2011,1,0,3,0,3,1,2,14,14,0.775417,0.22015,191,1700,18.64
69,3/10/2011,1,0,3,0,4,1,3,14,14,0,0.261877,46,577,18.64
70,3/11/2011,1,0,3,0,5,1,2,14,14,0.649565,0.23297,247,1730,18.64
71,3/12/2011,1,0,3,0,6,0,1,14,14,0.594583,0.220775,724,1408,18.64
72,3/13/2011,1,0,3,0,0,0,1,14,14,0.527391,0.270604,982,1435,18.64
73,3/14/2011,1,0,3,0,1,1,1,14,14,0.496957,0.136926,359,1687,18.64
74,3/15/2011,1,0,3,0,2,1,2,14,14,0.655652,0.184309,289,1767,18.64
75,3/16/2011,1,0,3,0,3,1,2,14,14,0.776522,0.203117,321,1871,18.64
76,3/17/2011,1,0,3,0,4,1,1,14,14,0.602917,0.209579,424,2320,18.64
77,3/18/2011,1,0,3,0,5,1,1,14,14,0.525217,0.231017,884,2355,18.64
78,3/19/2011,1,0,3,0,6,0,1,14,14,0.379167,0.368167,1424,1693,18.64
79,3/20/2011,1,0,3,0,0,0,1,14,14,0.47375,0.207721,1047,1424,18.64
80,3/21/2011,2,0,3,0,1,1,2,14,14,0.737391,0.288783,401,1676,18.64
81,3/22/2011,2,0,3,0,2,1,1,14,14,0.624583,0.22575,460,2243,18.64
82,3/23/2011,2,0,3,0,3,1,2,14,14,0.839565,0.234261,203,1918,18.64
83,3/24/2011,2,0,3,0,4,1,2,14,14,0.805833,0.243787,166,1699,18.64
84,3/25/2011,2,0,3,0,5,1,1,14,14,0.495,0.230725,300,1910,18.64
85,3/26/2011,2,0,3,0,6,0,1,14,14,0.394167,0.209571,981,1515,18.64
86,3/27/2011,2,0,3,0,0,0,2,14,14,0.493913,0.1843,472,1221,18.64
87,3/28/2011,2,0,3,0,1,1,1,14,14,0.302174,0.212204,222,1806,18.64
88,3/29/2011,2,0,3,0,2,1,1,14,14,0.314167,0.226996,317,2108,18.64
89,3/30/2011,2,0,3,0,3,1,2,14,14,0.646667,0.172888,168,1368,18.64
90,3/31/2011,2,0,3,0,4,1,3,14,14,0.918333,0.217646,179,1506,18.64
91,4/1/2011,2,0,4,0,5,1,2,14,14,0.68625,0.258708,307,1920,18.64
92,4/2/2011,2,0,4,0,6,0,2,14,14,0.65375,0.197146,898,1354,18.64
93,4/3/2011,2,0,4,0,0,0,1,14,14,0.48,0.182213,1651,1598,18.64
94,4/4/2011,2,0,4,0,1,1,1,14,14,0.42625,0.385571,734,2381,18.64
95,4/5/2011,2,0,4,0,2,1,2,14,14,0.642083,0.388067,167,1628,18.64
96,4/6/2011,2,0,4,0,3,1,1,14,14,0.470833,0.263063,413,2395,18.64
97,4/7/2011,2,0,4,0,4,1,1,14,14,0.602917,0.162312,571,2570,18.64
98,4/8/2011,2,0,4,0,5,1,2,14,14,0.83625,0.226992,172,1299,18.64
99,4/9/2011,2,0,4,0,6,0,2,14,14,0.8775,0.133083,879,1576,18.64
100,4/10/2011,2,0,4,0,0,0,2,14,14,0.8575,0.146767,1188,1707,18.64
101,4/11/2011,2,0,4,0,1,1,2,14,14,0.716956,0.324474,855,2493,18.64
102,4/12/2011,2,0,4,0,2,1,2,14,14,0.739167,0.274879,257,1777,18.64
103,4/13/2011,2,0,4,0,3,1,2,14,14,0.819167,0.250617,209,1953,18.64
104,4/14/2011,2,0,4,0,4,1,1,14,14,0.540417,0.1107,529,2738,18.64
105,4/15/2011,2,0,4,1,5,0,1,14,14,0.67125,0.226375,642,2484,18.64
106,4/16/2011,2,0,4,0,6,0,3,14,14,0.888333,0.340808,121,674,18.64
107,4/17/2011,2,0,4,0,0,0,1,14,14,0.479583,0.303496,1558,2186,18.64
108,4/18/2011,2,0,4,0,1,1,1,14,14,0.5425,0.163567,669,2760,18.64
109,4/19/2011,2,0,4,0,2,1,2,14,14,0.665833,0.157971,409,2795,18.64
110,4/20/2011,2,0,4,0,3,1,1,14,14,0.614167,0.241925,613,3331,18.64
111,4/21/2011,2,0,4,0,4,1,1,14,14,0.407083,0.325258,745,3444,18.64
112,4/22/2011,2,0,4,0,5,1,2,14,14,0.729583,0.219521,177,1506,18.64
113,4/23/2011,2,0,4,0,6,0,2,14,14,0.887917,0.230725,1462,2574,18.64
114,4/24/2011,2,0,4,0,0,0,2,14,14,0.810833,0.192175,1710,2481,18.64
115,4/25/2011,2,0,4,0,1,1,1,14,14,0.776667,0.185333,773,3300,18.64
116,4/26/2011,2,0,4,0,2,1,1,14,14,0.729167,0.3265,678,3722,18.64
117,4/27/2011,2,0,4,0,3,1,2,14,14,0.835417,0.3122,547,3325,18.64
118,4/28/2011,2,0,4,0,4,1,2,14,14,0.700833,0.320908,569,3489,18.64
119,4/29/2011,2,0,4,0,5,1,1,14,14,0.457083,0.240063,878,3717,18.64
120,4/30/2011,2,0,4,0,6,0,1,14,14,0.503333,0.235075,1965,3347,18.64
121,5/1/2011,2,0,5,0,0,0,2,14,14,0.762083,0.106354,1138,2213,18.64
122,5/2/2011,2,0,5,0,1,1,2,14,14,0.73,0.183454,847,3554,18.64
123,5/3/2011,2,0,5,0,2,1,2,14,14,0.697083,0.342667,603,3848,18.64
124,5/4/2011,2,0,5,0,3,1,2,14,14,0.737083,0.328996,255,2378,18.64
125,5/5/2011,2,0,5,0,4,1,1,14,14,0.444167,0.295392,614,3819,18.64
126,5/6/2011,2,0,5,0,5,1,1,14,14,0.59,0.228246,894,3714,18.64
127,5/7/2011,2,0,5,0,6,0,1,14,14,0.54125,0.16045,1612,3102,18.64
128,5/8/2011,2,0,5,0,0,0,1,14,14,0.631667,0.0746375,1401,2932,18.64
129,5/9/2011,2,0,5,0,1,1,1,14,14,0.58875,0.176,664,3698,18.64
130,5/10/2011,2,0,5,0,2,1,1,14,14,0.489167,0.115671,694,4109,18.64
131,5/11/2011,2,0,5,0,3,1,1,14,14,0.632917,0.120642,550,3632,18.64
132,5/12/2011,2,0,5,0,4,1,1,14,14,0.7475,0.189667,695,4169,18.64
133,5/13/2011,2,0,5,0,5,1,2,14,14,0.863333,0.179725,692,3413,18.64
134,5/14/2011,2,0,5,0,6,0,2,14,14,0.9225,0.13495,902,2507,18.64
135,5/15/2011,2,0,5,0,0,0,2,14,14,0.867083,0.152979,1582,2971,18.64
136,5/16/2011,2,0,5,0,1,1,1,14,14,0.787917,0.126871,773,3185,18.64
137,5/17/2011,2,0,5,0,2,1,2,14,14,0.837917,0.277354,678,3445,18.64
138,5/18/2011,2,0,5,0,3,1,2,14,14,0.87,0.201492,536,3319,18.64
139,5/19/2011,2,0,5,0,4,1,2,14,14,0.829583,0.108213,735,3840,18.64
140,5/20/2011,2,0,5,0,5,1,1,14,14,0.719583,0.125013,909,4008,18.64
141,5/21/2011,2,0,5,0,6,0,1,14,14,0.626667,0.12065,2258,3547,18.64
142,5/22/2011,2,0,5,0,0,0,1,14,14,0.749583,0.148008,1576,3084,18.64
143,5/23/2011,2,0,5,0,1,1,2,14,14,0.81,0.233842,836,3438,18.64
144,5/24/2011,2,0,5,0,2,1,2,14,14,0.740833,0.207092,659,3833,18.64
145,5/25/2011,2,0,5,0,3,1,1,14,14,0.69625,0.154233,740,4238,18.64
146,5/26/2011,2,0,5,0,4,1,1,14,14,0.6775,0.199642,758,3919,18.64
147,5/27/2011,2,0,5,0,5,1,1,14,14,0.65375,0.240679,871,3808,18.64
148,5/28/2011,2,0,5,0,6,0,1,14,14,0.729583,0.230092,2001,2757,18.64
149,5/29/2011,2,0,5,0,0,0,1,14,14,0.81875,0.213938,2355,2433,18.64
150,5/30/2011,2,0,5,1,1,0,1,14,14,0.685,0.131225,1549,2549,18.64
151,5/31/2011,2,0,5,0,2,1,1,14,14,0.636667,0.111329,673,3309,18.64
152,6/1/2011,2,0,6,0,3,1,2,14,14,0.677083,0.207092,513,3461,18.64
153,6/2/2011,2,0,6,0,4,1,1,14,14,0.305,0.292287,736,4232,18.64
154,6/3/2011,2,0,6,0,5,1,1,14,14,0.354167,0.253121,898,4414,18.64
155,6/4/2011,2,0,6,0,6,0,1,14,14,0.45625,0.123142,1869,3473,18.64
156,6/5/2011,2,0,6,0,0,0,2,14,14,0.6525,0.138692,1685,3221,18.64
157,6/6/2011,2,0,6,0,1,1,1,14,14,0.6,0.121896,673,3875,18.64
158,6/7/2011,2,0,6,0,2,1,1,14,14,0.597917,0.187808,763,4070,18.64
159,6/8/2011,2,0,6,0,3,1,1,14,14,0.622083,0.136817,676,3725,18.64
160,6/9/2011,2,0,6,0,4,1,2,14,14,0.568333,0.149883,563,3352,18.64
161,6/10/2011,2,0,6,0,5,1,1,14,14,0.605,0.140554,815,3771,18.64
162,6/11/2011,2,0,6,0,6,0,1,14,14,0.654583,0.15485,1729,3237,18.64
163,6/12/2011,2,0,6,0,0,0,1,14,14,0.747917,0.163567,1467,2993,18.64
164,6/13/2011,2,0,6,0,1,1,1,14,14,0.494583,0.30535,863,4157,18.64
165,6/14/2011,2,0,6,0,2,1,1,14,14,0.507083,0.269283,727,4164,18.64
166,6/15/2011,2,0,6,0,3,1,1,14,14,0.471667,0.167912,769,4411,18.64
167,6/16/2011,2,0,6,0,4,1,2,14,14,0.688333,0.206471,545,3222,18.64
168,6/17/2011,2,0,6,0,5,1,1,14,14,0.735833,0.143029,863,3981,18.64
169,6/18/2011,2,0,6,0,6,0,1,14,14,0.670417,0.119408,1807,3312,18.64
170,6/19/2011,2,0,6,0,0,0,2,14,14,0.666667,0.102,1639,3105,18.64
171,6/20/2011,2,0,6,0,1,1,2,14,14,0.74625,0.155475,699,3311,18.64
172,6/21/2011,3,0,6,0,2,1,2,14,14,0.770417,0.171025,774,4061,18.64
173,6/22/2011,3,0,6,0,3,1,1,14,14,0.7075,0.172262,661,3846,18.64
174,6/23/2011,3,0,6,0,4,1,2,14,14,0.703333,0.238804,746,4044,18.64
175,6/24/2011,3,0,6,0,5,1,1,14,14,0.573333,0.222025,969,4022,18.64
176,6/25/2011,3,0,6,0,6,0,1,14,14,0.483333,0.209571,1782,3420,18.64
177,6/26/2011,3,0,6,0,0,0,1,14,14,0.513333,0.0945333,1920,3385,18.64
178,6/27/2011,3,0,6,0,1,1,2,14,14,0.658333,0.107588,854,3854,18.64
179,6/28/2011,3,0,6,0,2,1,1,14,14,0.634167,0.144283,732,3916,18.64
180,6/29/2011,3,0,6,0,3,1,1,14,14,0.497917,0.261821,848,4377,18.64
181,6/30/2011,3,0,6,0,4,1,1,14,14,0.434167,0.185312,1027,4488,18.64
182,7/1/2011,3,0,7,0,5,1,1,14,14,0.39625,0.102608,1246,4116,18.64
183,7/2/2011,3,0,7,0,6,0,1,14,14,0.444583,0.115062,2204,2915,18.64
184,7/3/2011,3,0,7,0,0,0,2,14,14,0.6825,0.228858,2282,2367,18.64
185,7/4/2011,3,0,7,1,1,0,2,14,14,0.637917,0.0814792,3065,2978,18.64
186,7/5/2011,3,0,7,0,2,1,1,14,14,0.590417,0.126258,1031,3634,18.64
187,7/6/2011,3,0,7,0,3,1,1,14,14,0.743333,0.149883,784,3845,18.64
188,7/7/2011,3,0,7,0,4,1,1,14,14,0.65125,0.1592,754,3838,18.64
189,7/8/2011,3,0,7,0,5,1,2,14,14,0.757917,0.225129,692,3348,18.64
190,7/9/2011,3,0,7,0,6,0,1,14,14,0.609167,0.167912,1988,3348,18.64
191,7/10/2011,3,0,7,0,0,0,1,14,14,0.578333,0.183471,1743,3138,18.64
192,7/11/2011,3,0,7,0,1,1,1,14,14,0.635833,0.282337,723,3363,18.64
193,7/12/2011,3,0,7,0,2,1,1,14,14,0.559167,0.200254,662,3596,18.64
194,7/13/2011,3,0,7,0,3,1,1,14,14,0.631667,0.146133,748,3594,18.64
195,7/14/2011,3,0,7,0,4,1,1,14,14,0.47625,0.240667,888,4196,18.64
196,7/15/2011,3,0,7,0,5,1,1,14,14,0.59125,0.182833,1318,4220,18.64
197,7/16/2011,3,0,7,0,6,0,1,14,14,0.585,0.208342,2418,3505,18.64
198,7/17/2011,3,0,7,0,0,0,1,14,14,0.604167,0.245033,2006,3296,18.64
199,7/18/2011,3,0,7,0,1,1,1,14,14,0.65125,0.215804,841,3617,18.64
200,7/19/2011,3,0,7,0,2,1,1,14,14,0.650417,0.1306,752,3789,18.64
201,7/20/2011,3,0,7,0,3,1,1,14,14,0.707083,0.113817,644,3688,18.64
202,7/21/2011,3,0,7,0,4,1,2,14,14,0.69125,0.222021,632,3152,18.64
203,7/22/2011,3,0,7,0,5,1,1,14,14,0.580417,0.1331,562,2825,18.64
204,7/23/2011,3,0,7,0,6,0,1,14,14,0.5,0.131221,987,2298,18.64
205,7/24/2011,3,0,7,0,0,0,1,14,14,0.550833,0.169171,1050,2556,18.64
206,7/25/2011,3,0,7,0,1,1,1,14,14,0.757083,0.0908083,568,3272,18.64
207,7/26/2011,3,0,7,0,2,1,1,14,14,0.540833,0.200258,750,3840,18.64
208,7/27/2011,3,0,7,0,3,1,1,14,14,0.402917,0.183463,755,3901,18.64
209,7/28/2011,3,0,7,0,4,1,1,14,14,0.583333,0.178479,606,3784,18.64
210,7/29/2011,3,0,7,0,5,1,1,14,14,0.5425,0.174138,670,3176,18.64
211,7/30/2011,3,0,7,0,6,0,1,14,14,0.465833,0.168537,1559,2916,18.64
212,7/31/2011,3,0,7,0,0,0,1,14,14,0.480833,0.164813,1524,2778,18.64
213,8/1/2011,3,0,8,0,1,1,1,14,14,0.550833,0.156717,729,3537,18.64
214,8/2/2011,3,0,8,0,2,1,1,14,14,0.49125,0.20585,801,4044,18.64
215,8/3/2011,3,0,8,0,3,1,2,14,14,0.6575,0.135583,467,3107,18.64
216,8/4/2011,3,0,8,0,4,1,2,14,14,0.7575,0.19715,799,3777,18.64
217,8/5/2011,3,0,8,0,5,1,1,14,14,0.630833,0.184696,1023,3843,18.64
218,8/6/2011,3,0,8,0,6,0,2,14,14,0.755,0.22825,1521,2773,18.64
219,8/7/2011,3,0,8,0,0,0,1,14,14,0.752917,0.201487,1298,2487,18.64
220,8/8/2011,3,0,8,0,1,1,1,14,14,0.592083,0.192175,846,3480,18.64
221,8/9/2011,3,0,8,0,2,1,1,14,14,0.570417,0.151121,907,3695,18.64
222,8/10/2011,3,0,8,0,3,1,1,14,14,0.424167,0.200258,884,3896,18.64
223,8/11/2011,3,0,8,0,4,1,1,14,14,0.42375,0.164796,812,3980,18.64
224,8/12/2011,3,0,8,0,5,1,1,14,14,0.415,0.125621,1051,3854,18.64
225,8/13/2011,3,0,8,0,6,0,2,14,14,0.729583,0.211454,1504,2646,18.64
226,8/14/2011,3,0,8,0,0,0,2,14,14,0.8175,0.222633,1338,2482,18.64
227,8/15/2011,3,0,8,0,1,1,1,14,14,0.712083,0.208954,775,3563,18.64
228,8/16/2011,3,0,8,0,2,1,1,14,14,0.578333,0.236329,721,4004,18.64
229,8/17/2011,3,0,8,0,3,1,1,14,14,0.575417,0.143667,668,4026,18.64
230,8/18/2011,3,0,8,0,4,1,1,14,14,0.654583,0.233208,639,3166,18.64
231,8/19/2011,3,0,8,0,5,1,2,14,14,0.722917,0.139308,797,3356,18.64
232,8/20/2011,3,0,8,0,6,0,1,14,14,0.674167,0.104467,1914,3277,18.64
233,8/21/2011,3,0,8,0,0,0,1,14,14,0.77,0.248754,1249,2624,18.64
234,8/22/2011,3,0,8,0,1,1,1,14,14,0.47,0.27675,833,3925,18.64
235,8/23/2011,3,0,8,0,2,1,1,14,14,0.455417,0.146763,1281,4614,18.64
236,8/24/2011,3,0,8,0,3,1,1,14,14,0.605,0.253108,949,4181,18.64
237,8/25/2011,3,0,8,0,4,1,2,14,14,0.771667,0.210833,435,3107,18.64
238,8/26/2011,3,0,8,0,5,1,1,14,14,0.76125,0.0839625,768,3893,18.64
239,8/27/2011,3,0,8,0,6,0,2,14,14,0.85,0.375617,226,889,18.64
240,8/28/2011,3,0,8,0,0,0,1,14,14,0.561765,0.304659,1415,2919,18.64
241,8/29/2011,3,0,8,0,1,1,1,14,14,0.554583,0.159825,729,3905,18.64
242,8/30/2011,3,0,8,0,2,1,1,14,14,0.548333,0.125008,775,4429,18.64
243,8/31/2011,3,0,8,0,3,1,1,14,14,0.597917,0.0833333,688,4370,18.64
244,9/1/2011,3,0,9,0,4,1,1,14,14,0.639167,0.141796,783,4332,18.64
245,9/2/2011,3,0,9,0,5,1,2,14,14,0.727083,0.139929,875,3852,18.64
246,9/3/2011,3,0,9,0,6,0,1,14,14,0.716667,0.185325,1935,2549,18.64
247,9/4/2011,3,0,9,0,0,0,1,14,14,0.742083,0.206467,2521,2419,18.64
248,9/5/2011,3,0,9,1,1,0,2,14,14,0.790417,0.212696,1236,2115,18.64
249,9/6/2011,3,0,9,0,2,1,3,14,14,0.886957,0.343943,204,2506,18.64
250,9/7/2011,3,0,9,0,3,1,3,14,14,0.917083,0.0970208,118,1878,18.64
251,9/8/2011,3,0,9,0,4,1,3,14,14,0.939565,0.192748,153,1689,18.64
252,9/9/2011,3,0,9,0,5,1,2,14,14,0.897917,0.124379,417,3127,18.64
253,9/10/2011,3,0,9,0,6,0,1,14,14,0.75375,0.153608,1750,3595,18.64
254,9/11/2011,3,0,9,0,0,0,1,14,14,0.71375,0.115054,1633,3413,18.64
255,9/12/2011,3,0,9,0,1,1,1,14,14,0.692174,0.088913,690,4023,18.64
256,9/13/2011,3,0,9,0,2,1,1,14,14,0.7125,0.141804,701,4062,18.64
257,9/14/2011,3,0,9,0,3,1,1,14,14,0.697083,0.1673,647,4138,18.64
258,9/15/2011,3,0,9,0,4,1,2,14,14,0.709167,0.271146,428,3231,18.64
259,9/16/2011,3,0,9,0,5,1,2,14,14,0.590417,0.164183,742,4018,18.64
260,9/17/2011,3,0,9,0,6,0,2,14,14,0.718333,0.189675,1434,3077,18.64
261,9/18/2011,3,0,9,0,0,0,1,14,14,0.695,0.178483,1353,2921,18.64
262,9/19/2011,3,0,9,0,1,1,2,14,14,0.69,0.151742,691,3848,18.64
263,9/20/2011,3,0,9,0,2,1,2,14,14,0.88125,0.134954,438,3203,18.64
264,9/21/2011,3,0,9,0,3,1,2,14,14,0.9,0.0964042,539,3813,18.64
265,9/22/2011,3,0,9,0,4,1,2,14,14,0.902083,0.128125,555,4240,18.64
266,9/23/2011,4,0,9,0,5,1,2,14,14,0.9725,0.0783667,258,2137,18.64
267,9/24/2011,4,0,9,0,6,0,2,14,14,0.8625,0.0783833,1776,3647,18.64
268,9/25/2011,4,0,9,0,0,0,2,14,14,0.845,0.0503792,1544,3466,18.64
269,9/26/2011,4,0,9,0,1,1,2,14,14,0.848333,0.1107,684,3946,18.64
270,9/27/2011,4,0,9,0,2,1,2,14,14,0.885417,0.118171,477,3643,18.64
271,9/28/2011,4,0,9,0,3,1,2,14,14,0.84875,0.148629,480,3427,18.64
272,9/29/2011,4,0,9,0,4,1,1,14,14,0.699167,0.172883,653,4186,18.64
273,9/30/2011,4,0,9,0,5,1,1,14,14,0.6475,0.206475,830,4372,18.64
274,10/1/2011,4,0,10,0,6,0,2,14,14,0.75375,0.292296,480,1949,18.64
275,10/2/2011,4,0,10,0,0,0,2,14,14,0.791667,0.222013,616,2302,18.64
276,10/3/2011,4,0,10,0,1,1,2,14,14,0.760833,0.0833458,330,3240,18.64
277,10/4/2011,4,0,10,0,2,1,1,14,14,0.71,0.205854,486,3970,18.64
278,10/5/2011,4,0,10,0,3,1,1,14,14,0.647917,0.17725,559,4267,18.64
279,10/6/2011,4,0,10,0,4,1,1,14,14,0.620833,0.134954,639,4126,18.64
280,10/7/2011,4,0,10,0,5,1,1,14,14,0.684167,0.0223917,949,4036,18.64
281,10/8/2011,4,0,10,0,6,0,1,14,14,0.70125,0.0454042,2235,3174,18.64
282,10/9/2011,4,0,10,0,0,0,1,14,14,0.7275,0.06345,2397,3114,18.64
283,10/10/2011,4,0,10,1,1,0,1,14,14,0.73375,0.0423042,1514,3603,18.64
284,10/11/2011,4,0,10,0,2,1,2,14,14,0.80875,0.143042,667,3896,18.64
285,10/12/2011,4,0,10,0,3,1,3,14,14,0.90625,0.24815,217,2199,18.64
286,10/13/2011,4,0,10,0,4,1,2,14,14,0.896667,0.141787,290,2623,18.64
287,10/14/2011,4,0,10,0,5,1,2,14,14,0.71625,0.223883,529,3115,18.64
288,10/15/2011,4,0,10,0,6,0,1,14,14,0.483333,0.258083,1899,3318,18.64
289,10/16/2011,4,0,10,0,0,0,1,14,14,0.486667,0.281717,1748,3293,18.64
290,10/17/2011,4,0,10,0,1,1,1,14,14,0.579583,0.175379,713,3857,18.64
291,10/18/2011,4,0,10,0,2,1,2,14,14,0.701667,0.110087,637,4111,18.64
292,10/19/2011,4,0,10,0,3,1,3,14,14,0.895217,0.243339,254,2170,18.64
293,10/20/2011,4,0,10,0,4,1,1,14,14,0.63625,0.422275,471,3724,18.64
294,10/21/2011,4,0,10,0,5,1,1,14,14,0.574167,0.221396,676,3628,18.64
295,10/22/2011,4,0,10,0,6,0,1,14,14,0.629167,0.0926667,1499,2809,18.64
296,10/23/2011,4,0,10,0,0,0,1,14,14,0.74125,0.0995125,1619,2762,18.64
297,10/24/2011,4,0,10,0,1,1,1,14,14,0.772083,0.118792,699,3488,18.64
298,10/25/2011,4,0,10,0,2,1,1,14,14,0.622917,0.166658,695,3992,18.64
299,10/26/2011,4,0,10,0,3,1,2,14,14,0.720417,0.148642,404,3490,18.64
300,10/27/2011,4,0,10,0,4,1,2,14,14,0.812917,0.197763,240,2419,18.64
301,10/28/2011,4,0,10,0,5,1,2,14,14,0.585833,0.229479,456,3291,18.64
302,10/29/2011,4,0,10,0,6,0,3,14,14,0.8825,0.351371,57,570,18.64
303,10/30/2011,4,0,10,0,0,0,1,14,14,0.62375,0.176617,885,2446,18.64
304,10/31/2011,4,0,10,0,1,1,1,14,14,0.703333,0.10635,362,3307,18.64
305,11/1/2011,4,0,11,0,2,1,1,14,14,0.68375,0.135571,410,3658,18.64
306,11/2/2011,4,0,11,0,3,1,1,14,14,0.71875,0.0820917,370,3816,18.64
307,11/3/2011,4,0,11,0,4,1,1,14,14,0.702083,0.136817,318,3656,18.64
308,11/4/2011,4,0,11,0,5,1,2,14,14,0.6225,0.271779,470,3576,18.64
309,11/5/2011,4,0,11,0,6,0,1,14,14,0.519167,0.189062,1156,2770,18.64
310,11/6/2011,4,0,11,0,0,0,1,14,14,0.734583,0.0920542,952,2697,18.64
311,11/7/2011,4,0,11,0,1,1,1,14,14,0.75875,0.057225,373,3662,18.64
312,11/8/2011,4,0,11,0,2,1,1,14,14,0.721667,0.0690375,376,3829,18.64
313,11/9/2011,4,0,11,0,3,1,1,14,14,0.758333,0.0621958,305,3804,18.64
314,11/10/2011,4,0,11,0,4,1,2,14,14,0.813333,0.189067,190,2743,18.64
315,11/11/2011,4,0,11,1,5,0,1,14,14,0.44625,0.314675,440,2928,18.64
316,11/12/2011,4,0,11,0,6,0,1,14,14,0.552917,0.212062,1275,2792,18.64
317,11/13/2011,4,0,11,0,0,0,1,14,14,0.458333,0.281721,1004,2713,18.64
318,11/14/2011,4,0,11,0,1,1,1,14,14,0.587083,0.306596,595,3891,18.64
319,11/15/2011,4,0,11,0,2,1,2,14,14,0.68875,0.199633,449,3746,18.64
320,11/16/2011,4,0,11,0,3,1,3,14,14,0.93,0.136829,145,1672,18.64
321,11/17/2011,4,0,11,0,4,1,2,14,14,0.575833,0.305362,139,2914,18.64
322,11/18/2011,4,0,11,0,5,1,1,14,14,0.41,0.168533,245,3147,18.64
323,11/19/2011,4,0,11,0,6,0,1,14,14,0.502083,0.224496,943,2720,18.64
324,11/20/2011,4,0,11,0,0,0,2,14,14,0.684583,0.18595,787,2733,18.64
325,11/21/2011,4,0,11,0,1,1,3,14,14,0.91,0.138054,220,2545,18.64
326,11/22/2011,4,0,11,0,2,1,3,14,14,0.9625,0.118792,69,1538,18.64
327,11/23/2011,4,0,11,0,3,1,2,14,14,0.757917,0.335825,112,2454,18.64
328,11/24/2011,4,0,11,1,4,0,1,14,14,0.549167,0.167304,560,935,18.64
329,11/25/2011,4,0,11,0,5,1,1,14,14,0.64375,0.0988958,1095,1697,18.64
330,11/26/2011,4,0,11,0,6,0,1,14,14,0.681667,0.0684208,1249,1819,18.64
331,11/27/2011,4,0,11,0,0,0,1,14,14,0.698333,0.208954,810,2261,18.64
332,11/28/2011,4,0,11,0,1,1,1,14,14,0.743043,0.142122,253,3614,18.64
333,11/29/2011,4,0,11,0,2,1,2,14,14,0.830833,0.258092,96,2818,18.64
334,11/30/2011,4,0,11,0,3,1,1,14,14,0.613333,0.271158,188,3425,18.64
335,12/1/2011,4,0,12,0,4,1,1,14,14,0.524583,0.220158,182,3545,18.64
336,12/2/2011,4,0,12,0,5,1,1,14,14,0.625833,0.100754,268,3672,18.64
337,12/3/2011,4,0,12,0,6,0,1,14,14,0.612917,0.0957833,706,2908,18.64
338,12/4/2011,4,0,12,0,0,0,1,14,14,0.775833,0.0839583,634,2851,18.64
339,12/5/2011,4,0,12,0,1,1,2,14,14,0.827083,0.0622083,233,3578,18.64
340,12/6/2011,4,0,12,0,2,1,3,14,14,0.949583,0.232583,126,2468,18.64
341,12/7/2011,4,0,12,0,3,1,3,14,14,0.970417,0.266175,50,655,18.64
342,12/8/2011,4,0,12,0,4,1,1,14,14,0.58,0.240058,150,3172,18.64
343,12/9/2011,4,0,12,0,5,1,1,14,14,0.695833,0.0827167,261,3359,18.64
344,12/10/2011,4,0,12,0,6,0,1,14,14,0.5075,0.233221,502,2688,18.64
345,12/11/2011,4,0,12,0,0,0,1,14,14,0.49,0.0665417,377,2366,18.64
346,12/12/2011,4,0,12,0,1,1,1,14,14,0.670833,0.06345,143,3167,18.64
347,12/13/2011,4,0,12,0,2,1,1,14,14,0.59,0.14055,155,3368,18.64
348,12/14/2011,4,0,12,0,3,1,2,14,14,0.66375,0.0609583,178,3562,18.64
349,12/15/2011,4,0,12,0,4,1,2,14,14,0.634167,0.268042,181,3528,18.64
350,12/16/2011,4,0,12,0,5,1,2,14,14,0.500417,0.260575,178,3399,18.64
351,12/17/2011,4,0,12,0,6,0,2,14,14,0.560833,0.243167,275,2464,18.64
352,12/18/2011,4,0,12,0,0,0,1,14,14,0.58625,0.169779,220,2211,18.64
353,12/19/2011,4,0,12,0,1,1,1,14,14,0.6375,0.172896,260,3143,18.64
354,12/20/2011,4,0,12,0,2,1,2,14,14,0.595417,0.0615708,216,3534,18.64
355,12/21/2011,1,0,12,0,3,1,2,14,14,0.858333,0.2214,107,2553,18.64
356,12/22/2011,1,0,12,0,4,1,2,14,14,0.7575,0.047275,227,2841,18.64
357,12/23/2011,1,0,12,0,5,1,1,14,14,0.68625,0.274246,163,2046,18.64
358,12/24/2011,1,0,12,0,6,0,1,14,14,0.5425,0.190304,155,856,18.64
359,12/25/2011,1,0,12,0,0,0,1,14,14,0.681304,0.155091,303,451,18.64
360,12/26/2011,1,0,12,1,1,0,1,14,14,0.506957,0.239465,430,887,18.64
361,12/27/2011,1,0,12,0,2,1,2,14,14,0.7625,0.18845,103,1059,18.64
362,12/28/2011,1,0,12,0,3,1,1,14,14,0.503913,0.293961,255,2047,18.64
363,12/29/2011,1,0,12,0,4,1,1,14,14,0.574167,0.119412,254,2169,18.64
364,12/30/2011,1,0,12,0,5,1,1,14,14,0.636667,0.134337,491,2508,18.64
365,12/31/2011,1,0,12,0,6,0,1,14,14,0.615833,0.220154,665,1820,18.64
366,1/1/2012,1,1,1,0,0,0,1,14,14,0.6925,0.192167,686,1608,18.64
367,1/2/2012,1,1,1,1,1,0,1,14,14,0.381304,0.329665,244,1707,18.64
368,1/3/2012,1,1,1,0,2,1,1,14,14,0.44125,0.365671,89,2147,18.64
369,1/4/2012,1,1,1,0,3,1,2,14,14,0.414583,0.1847,95,2273,18.64
370,1/5/2012,1,1,1,0,4,1,1,14,14,0.524167,0.129987,140,3132,18.64
371,1/6/2012,1,1,1,0,5,1,1,14,14,0.542083,0.167908,307,3791,18.64
372,1/7/2012,1,1,1,0,6,0,1,14,14,0.531667,0.174758,1070,3451,18.64
373,1/8/2012,1,1,1,0,0,0,1,14,14,0.465,0.191542,599,2826,18.64
374,1/9/2012,1,1,1,0,1,1,2,14,14,0.701667,0.0989,106,2270,18.64
375,1/10/2012,1,1,1,0,2,1,1,14,14,0.646522,0.187552,173,3425,18.64
376,1/11/2012,1,1,1,0,3,1,2,14,14,0.8475,0.131221,92,2085,18.64
377,1/12/2012,1,1,1,0,4,1,2,14,14,0.802917,0.180967,269,3828,18.64
378,1/13/2012,1,1,1,0,5,1,1,14,14,0.5075,0.378108,174,3040,18.64
379,1/14/2012,1,1,1,0,6,0,1,14,14,0.4575,0.187183,333,2160,18.64
380,1/15/2012,1,1,1,0,0,0,1,14,14,0.419167,0.251258,284,2027,18.64
381,1/16/2012,1,1,1,1,1,0,1,14,14,0.5225,0.231358,217,2081,18.64
382,1/17/2012,1,1,1,0,2,1,2,14,14,0.716087,0.34913,127,2808,18.64
383,1/18/2012,1,1,1,0,3,1,1,14,14,0.443333,0.415429,109,3267,18.64
384,1/19/2012,1,1,1,0,4,1,1,14,14,0.4975,0.220158,130,3162,18.64
385,1/20/2012,1,1,1,0,5,1,2,14,14,0.45,0.20275,115,3048,18.64
386,1/21/2012,1,1,1,0,6,0,2,14,14,0.83125,0.222642,67,1234,18.64
387,1/22/2012,1,1,1,0,0,0,2,14,14,0.79625,0.199638,196,1781,18.64
388,1/23/2012,1,1,1,0,1,1,2,14,14,0.91125,0.110708,145,2287,18.64
389,1/24/2012,1,1,1,0,2,1,1,14,14,0.835833,0.123767,439,3900,18.64
390,1/25/2012,1,1,1,0,3,1,1,14,14,0.64375,0.161071,467,3803,18.64
391,1/26/2012,1,1,1,0,4,1,2,14,14,0.769583,0.0733958,244,3831,18.64
392,1/27/2012,1,1,1,0,5,1,2,14,14,0.74125,0.342667,269,3187,18.64
393,1/28/2012,1,1,1,0,6,0,1,14,14,0.543333,0.210829,775,3248,18.64
394,1/29/2012,1,1,1,0,0,0,1,14,14,0.31125,0.24005,558,2685,18.64
395,1/30/2012,1,1,1,0,1,1,1,14,14,0.400833,0.215792,126,3498,18.64
396,1/31/2012,1,1,1,0,2,1,1,14,14,0.416667,0.261817,324,4185,18.64
397,2/1/2012,1,1,2,0,3,1,1,14,14,0.507917,0.189067,304,4275,18.64
398,2/2/2012,1,1,2,0,4,1,2,14,14,0.672917,0.187187,190,3571,18.64
399,2/3/2012,1,1,2,0,5,1,1,14,14,0.526667,0.178496,310,3841,18.64
400,2/4/2012,1,1,2,0,6,0,2,14,14,0.779583,0.121896,384,2448,18.64
401,2/5/2012,1,1,2,0,0,0,2,14,14,0.687917,0.175996,318,2629,18.64
402,2/6/2012,1,1,2,0,1,1,1,14,14,0.622174,0.1538,206,3578,18.64
403,2/7/2012,1,1,2,0,2,1,1,14,14,0.49625,0.147379,199,4176,18.64
404,2/8/2012,1,1,2,0,3,1,2,14,14,0.722917,0.133721,109,2693,18.64
405,2/9/2012,1,1,2,0,4,1,1,14,14,0.562083,0.194037,163,3667,18.64
406,2/10/2012,1,1,2,0,5,1,2,14,14,0.54,0.116929,227,3604,18.64
407,2/11/2012,1,1,2,0,6,0,3,14,14,0.73125,0.289796,192,1977,18.64
408,2/12/2012,1,1,2,0,0,0,1,14,14,0.464583,0.409212,73,1456,18.64
409,2/13/2012,1,1,2,0,1,1,1,14,14,0.41125,0.167283,94,3328,18.64
410,2/14/2012,1,1,2,0,2,1,2,14,14,0.50875,0.141179,135,3787,18.64
411,2/15/2012,1,1,2,0,3,1,1,14,14,0.53125,0.1816,141,4028,18.64
412,2/16/2012,1,1,2,0,4,1,2,14,14,0.752917,0.091425,74,2931,18.64
413,2/17/2012,1,1,2,0,5,1,1,14,14,0.634583,0.205846,349,3805,18.64
414,2/18/2012,1,1,2,0,6,0,1,14,14,0.534583,0.190929,1435,2883,18.64
415,2/19/2012,1,1,2,0,0,0,2,14,14,0.515833,0.253112,618,2071,18.64
416,2/20/2012,1,1,2,1,1,0,1,14,14,0.507826,0.229083,502,2627,18.64
417,2/21/2012,1,1,2,0,2,1,1,14,14,0.594348,0.205717,163,3614,18.64
418,2/22/2012,1,1,2,0,3,1,1,14,14,0.567917,0.234471,394,4379,18.64
419,2/23/2012,1,1,2,0,4,1,1,14,14,0.554583,0.190913,516,4546,18.64
420,2/24/2012,1,1,2,0,5,1,2,14,14,0.7375,0.237567,246,3241,18.64
421,2/25/2012,1,1,2,0,6,0,1,14,14,0.395833,0.421642,317,2415,18.64
422,2/26/2012,1,1,2,0,0,0,1,14,14,0.41,0.205229,515,2874,18.64
423,2/27/2012,1,1,2,0,1,1,1,14,14,0.490833,0.268033,253,4069,18.64
424,2/28/2012,1,1,2,0,2,1,1,14,14,0.395833,0.193417,229,4134,18.64
425,2/29/2012,1,1,2,0,3,1,2,14,14,0.804783,0.179117,65,1769,18.64
426,3/1/2012,1,1,3,0,4,1,1,14,14,0.615417,0.226987,325,4665,18.64
427,3/2/2012,1,1,3,0,5,1,2,14,14,0.657083,0.144904,246,2948,18.64
428,3/3/2012,1,1,3,0,6,0,2,14,14,0.62125,0.161079,956,3110,18.64
429,3/4/2012,1,1,3,0,0,0,1,14,14,0.403333,0.334571,710,2713,18.64
430,3/5/2012,1,1,3,0,1,1,1,14,14,0.50625,0.228858,203,3130,18.64
431,3/6/2012,1,1,3,0,2,1,1,14,14,0.456667,0.200875,221,3735,18.64
432,3/7/2012,1,1,3,0,3,1,1,14,14,0.513333,0.345779,432,4484,18.64
433,3/8/2012,1,1,3,0,4,1,1,14,14,0.5675,0.441563,486,4896,18.64
434,3/9/2012,1,1,3,0,5,1,2,14,14,0.407083,0.4148,447,4122,18.64
435,3/10/2012,1,1,3,0,6,0,1,14,14,0.350417,0.22575,968,3150,18.64
436,3/11/2012,1,1,3,0,0,0,1,14,14,0.476957,0.222587,1658,3253,18.64
437,3/12/2012,1,1,3,0,1,1,1,14,14,0.489167,0.207713,838,4460,18.64
438,3/13/2012,1,1,3,0,2,1,1,14,14,0.6175,0.23695,762,5085,18.64
439,3/14/2012,1,1,3,0,3,1,1,14,14,0.507083,0.115062,997,5315,18.64
440,3/15/2012,1,1,3,0,4,1,1,14,14,0.579583,0.149883,1005,5187,18.64
441,3/16/2012,1,1,3,0,5,1,2,14,14,0.842083,0.113192,548,3830,18.64
442,3/17/2012,1,1,3,0,6,0,2,14,14,0.755833,0.110704,3155,4681,18.64
443,3/18/2012,1,1,3,0,0,0,2,14,14,0.81,0.126883,2207,3685,18.64
444,3/19/2012,1,1,3,0,1,1,1,14,14,0.72875,0.162317,982,5171,18.64
445,3/20/2012,1,1,3,0,2,1,1,14,14,0.807917,0.121271,1051,5042,18.64
446,3/21/2012,2,1,3,0,3,1,2,14,14,0.82125,0.0895583,1122,5108,18.64
447,3/22/2012,2,1,3,0,4,1,1,14,14,0.83125,0.117562,1334,5537,18.64
448,3/23/2012,2,1,3,0,5,1,2,14,14,0.694167,0.1163,2469,5893,18.64
449,3/24/2012,2,1,3,0,6,0,2,14,14,0.885417,0.192783,1033,2339,18.64
450,3/25/2012,2,1,3,0,0,0,2,14,14,0.880833,0.220775,1532,3464,18.64
451,3/26/2012,2,1,3,0,1,1,1,14,14,0.477917,0.386821,795,4763,18.64
452,3/27/2012,2,1,3,0,2,1,1,14,14,0.29,0.187192,531,4571,18.64
453,3/28/2012,2,1,3,0,3,1,1,14,14,0.48125,0.291671,674,5024,18.64
454,3/29/2012,2,1,3,0,4,1,1,14,14,0.439167,0.31965,834,5299,18.64
455,3/30/2012,2,1,3,0,5,1,2,14,14,0.580833,0.138067,796,4663,18.64
456,3/31/2012,2,1,3,0,6,0,2,14,14,0.738333,0.250617,2301,3934,18.64
457,4/1/2012,2,1,4,0,0,0,2,14,14,0.67625,0.172267,2347,3694,18.64
458,4/2/2012,2,1,4,0,1,1,1,14,14,0.504348,0.312139,1208,4728,18.64
459,4/3/2012,2,1,4,0,2,1,1,14,14,0.396667,0.100133,1348,5424,18.64
460,4/4/2012,2,1,4,0,3,1,1,14,14,0.469583,0.180975,1058,5378,18.64
461,4/5/2012,2,1,4,0,4,1,1,14,14,0.374167,0.219529,1192,5265,18.64
462,4/6/2012,2,1,4,0,5,1,1,14,14,0.377083,0.300388,1807,4653,18.64
463,4/7/2012,2,1,4,0,6,0,1,14,14,0.254167,0.274871,3252,3605,18.64
464,4/8/2012,2,1,4,0,0,0,1,14,14,0.275833,0.232596,2230,2939,18.64
465,4/9/2012,2,1,4,0,1,1,1,14,14,0.3175,0.358196,905,4680,18.64
466,4/10/2012,2,1,4,0,2,1,1,14,14,0.435,0.249375,819,5099,18.64
467,4/11/2012,2,1,4,0,3,1,1,14,14,0.469565,0.295274,482,4380,18.64
468,4/12/2012,2,1,4,0,4,1,1,14,14,0.46625,0.290429,663,4746,18.64
469,4/13/2012,2,1,4,0,5,1,1,14,14,0.408333,0.155471,1252,5146,18.64
470,4/14/2012,2,1,4,0,6,0,1,14,14,0.502917,0.190917,2795,4665,18.64
471,4/15/2012,2,1,4,0,0,0,1,14,14,0.507917,0.225129,2846,4286,18.64
472,4/16/2012,2,1,4,1,1,0,1,14,14,0.561667,0.284829,1198,5172,18.64
473,4/17/2012,2,1,4,0,2,1,1,14,14,0.390417,0.273629,989,5702,18.64
474,4/18/2012,2,1,4,0,3,1,2,14,14,0.569167,0.167912,347,4020,18.64
475,4/19/2012,2,1,4,0,4,1,1,14,14,0.6125,0.0659292,846,5719,18.64
476,4/20/2012,2,1,4,0,5,1,1,14,14,0.694583,0.149871,1340,5950,18.64
477,4/21/2012,2,1,4,0,6,0,1,14,14,0.682917,0.283587,2541,4083,18.64
478,4/22/2012,2,1,4,0,0,0,3,14,14,0.835417,0.344546,120,907,18.64
479,4/23/2012,2,1,4,0,1,1,2,14,14,0.766667,0.303496,195,3019,18.64
480,4/24/2012,2,1,4,0,2,1,1,14,14,0.454167,0.249383,518,5115,18.64
481,4/25/2012,2,1,4,0,3,1,1,14,14,0.427917,0.118792,655,5541,18.64
482,4/26/2012,2,1,4,0,4,1,2,14,14,0.756667,0.176625,475,4551,18.64
483,4/27/2012,2,1,4,0,5,1,1,14,14,0.400833,0.347633,1014,5219,18.64
484,4/28/2012,2,1,4,0,6,0,2,14,14,0.489583,0.129975,1120,3100,18.64
485,4/29/2012,2,1,4,0,0,0,1,14,14,0.587083,0.116908,2229,4075,18.64
486,4/30/2012,2,1,4,0,1,1,2,14,14,0.57,0.171638,665,4907,18.64
487,5/1/2012,2,1,5,0,2,1,2,14,14,0.659583,0.156096,653,5087,18.64
488,5/2/2012,2,1,5,0,3,1,1,14,14,0.797083,0.138058,667,5502,18.64
489,5/3/2012,2,1,5,0,4,1,2,14,14,0.768333,0.133696,764,5657,18.64
490,5/4/2012,2,1,5,0,5,1,1,14,14,0.735417,0.162938,1069,5227,18.64
491,5/5/2012,2,1,5,0,6,0,2,14,14,0.756667,0.152992,2496,4387,18.64
492,5/6/2012,2,1,5,0,0,0,2,14,14,0.74,0.149879,2135,4224,18.64
493,5/7/2012,2,1,5,0,1,1,2,14,14,0.664167,0.230721,1008,5265,18.64
494,5/8/2012,2,1,5,0,2,1,2,14,14,0.685833,0.296029,738,4990,18.64
495,5/9/2012,2,1,5,0,3,1,2,14,14,0.744167,0.216412,620,4097,18.64
496,5/10/2012,2,1,5,0,4,1,1,14,14,0.552083,0.314063,1026,5546,18.64
497,5/11/2012,2,1,5,0,5,1,1,14,14,0.360417,0.236937,1319,5711,18.64
498,5/12/2012,2,1,5,0,6,0,1,14,14,0.480417,0.123133,2622,4807,18.64
499,5/13/2012,2,1,5,0,0,0,1,14,14,0.57625,0.225117,2172,3946,18.64
500,5/14/2012,2,1,5,0,1,1,2,14,14,0.789583,0.212692,342,2501,18.64
501,5/15/2012,2,1,5,0,2,1,2,14,14,0.794583,0.147392,625,4490,18.64
502,5/16/2012,2,1,5,0,3,1,1,14,14,0.697917,0.122512,991,6433,18.64
503,5/17/2012,2,1,5,0,4,1,1,14,14,0.52,0.229475,1242,6142,18.64
504,5/18/2012,2,1,5,0,5,1,1,14,14,0.523333,0.136817,1521,6118,18.64
505,5/19/2012,2,1,5,0,6,0,1,14,14,0.45625,0.083975,3410,4884,18.64
506,5/20/2012,2,1,5,0,0,0,1,14,14,0.530417,0.254367,2704,4425,18.64
507,5/21/2012,2,1,5,0,1,1,2,14,14,0.81125,0.233204,630,3729,18.64
508,5/22/2012,2,1,5,0,2,1,2,14,14,0.765833,0.118167,819,5254,18.64
509,5/23/2012,2,1,5,0,3,1,2,14,14,0.774583,0.102,766,4494,18.64
510,5/24/2012,2,1,5,0,4,1,1,14,14,0.716667,0.172896,1059,5711,18.64
511,5/25/2012,2,1,5,0,5,1,1,14,14,0.747083,0.14055,1417,5317,18.64
512,5/26/2012,2,1,5,0,6,0,1,14,14,0.7325,0.198992,2855,3681,18.64
513,5/27/2012,2,1,5,0,0,0,1,14,14,0.697083,0.215171,3283,3308,18.64
514,5/28/2012,2,1,5,1,1,0,1,14,14,0.67625,0.196521,2557,3486,18.64
515,5/29/2012,2,1,5,0,2,1,1,14,14,0.684583,0.2954,880,4863,18.64
516,5/30/2012,2,1,5,0,3,1,2,14,14,0.67,0.134329,745,6110,18.64
517,5/31/2012,2,1,5,0,4,1,1,14,14,0.492917,0.195279,1100,6238,18.64
518,6/1/2012,2,1,6,0,5,1,2,14,14,0.755417,0.237563,533,3594,18.64
519,6/2/2012,2,1,6,0,6,0,1,14,14,0.549167,0.186562,2795,5325,18.64
520,6/3/2012,2,1,6,0,0,0,1,14,14,0.493333,0.184087,2494,5147,18.64
521,6/4/2012,2,1,6,0,1,1,1,14,14,0.487083,0.284833,1071,5927,18.64
522,6/5/2012,2,1,6,0,2,1,2,14,14,0.613333,0.209575,968,6033,18.64
523,6/6/2012,2,1,6,0,3,1,1,14,14,0.61125,0.077125,1027,6028,18.64
524,6/7/2012,2,1,6,0,4,1,1,14,14,0.567083,0.15735,1038,6456,18.64
525,6/8/2012,2,1,6,0,5,1,1,14,14,0.467917,0.175383,1488,6248,18.64
526,6/9/2012,2,1,6,0,6,0,1,14,14,0.437083,0.144287,2708,4790,18.64
527,6/10/2012,2,1,6,0,0,0,1,14,14,0.538333,0.133721,2224,4374,18.64
528,6/11/2012,2,1,6,0,1,1,2,14,14,0.587917,0.207713,1017,5647,18.64
529,6/12/2012,2,1,6,0,2,1,2,14,14,0.833333,0.214546,477,4495,18.64
530,6/13/2012,2,1,6,0,3,1,1,14,14,0.582083,0.343279,1173,6248,18.64
531,6/14/2012,2,1,6,0,4,1,1,14,14,0.569583,0.253733,1180,6183,18.64
532,6/15/2012,2,1,6,0,5,1,1,14,14,0.589583,0.176617,1563,6102,18.64
533,6/16/2012,2,1,6,0,6,0,1,14,14,0.504167,0.166667,2963,4739,18.64
534,6/17/2012,2,1,6,0,0,0,1,14,14,0.59875,0.144904,2634,4344,18.64
535,6/18/2012,2,1,6,0,1,1,2,14,14,0.777917,0.174746,653,4446,18.64
536,6/19/2012,2,1,6,0,2,1,1,14,14,0.69,0.148017,968,5857,18.64
537,6/20/2012,2,1,6,0,3,1,1,14,14,0.592083,0.113812,872,5339,18.64
538,6/21/2012,3,1,6,0,4,1,1,14,14,0.567917,0.118787,778,5127,18.64
539,6/22/2012,3,1,6,0,5,1,1,14,14,0.57375,0.182842,964,4859,18.64
540,6/23/2012,3,1,6,0,6,0,1,14,14,0.534583,0.179721,2657,4801,18.64
541,6/24/2012,3,1,6,0,0,0,1,14,14,0.479167,0.145525,2551,4340,18.64
542,6/25/2012,3,1,6,0,1,1,1,14,14,0.504167,0.300383,1139,5640,18.64
543,6/26/2012,3,1,6,0,2,1,1,14,14,0.373333,0.347642,1077,6365,18.64
544,6/27/2012,3,1,6,0,3,1,1,14,14,0.36,0.271775,1077,6258,18.64
545,6/28/2012,3,1,6,0,4,1,1,14,14,0.4225,0.17165,921,5958,18.64
546,6/29/2012,3,1,6,0,5,1,1,14,14,0.48875,0.165417,829,4634,18.64
547,6/30/2012,3,1,6,0,6,0,1,14,14,0.60125,0.161071,1455,4232,18.64
548,7/1/2012,3,1,7,0,0,0,1,14,14,0.51875,0.168529,1421,4110,18.64
549,7/2/2012,3,1,7,0,1,1,1,14,14,0.447083,0.195267,904,5323,18.64
550,7/3/2012,3,1,7,0,2,1,1,14,14,0.492083,0.126237,1052,5608,18.64
551,7/4/2012,3,1,7,1,3,0,1,14,14,0.53875,0.13495,2562,4841,18.64
552,7/5/2012,3,1,7,0,4,1,1,14,14,0.457917,0.194029,1405,4836,18.64
553,7/6/2012,3,1,7,0,5,1,1,14,14,0.450833,0.146142,1366,4841,18.64
554,7/7/2012,3,1,7,0,6,0,1,14,14,0.492083,0.163554,1448,3392,18.64
555,7/8/2012,3,1,7,0,0,0,1,14,14,0.57375,0.125629,1203,3469,18.64
556,7/9/2012,3,1,7,0,1,1,2,14,14,0.683333,0.180975,998,5571,18.64
557,7/10/2012,3,1,7,0,2,1,2,14,14,0.6675,0.151737,954,5336,18.64
558,7/11/2012,3,1,7,0,3,1,1,14,14,0.633333,0.151733,975,6289,18.64
559,7/12/2012,3,1,7,0,4,1,1,14,14,0.529583,0.146775,1032,6414,18.64
560,7/13/2012,3,1,7,0,5,1,2,14,14,0.485833,0.08085,1511,5988,18.64
561,7/14/2012,3,1,7,0,6,0,2,14,14,0.699167,0.143679,2355,4614,18.64
562,7/15/2012,3,1,7,0,0,0,1,14,14,0.717917,0.166667,1920,4111,18.64
563,7/16/2012,3,1,7,0,1,1,1,14,14,0.645,0.164187,1088,5742,18.64
564,7/17/2012,3,1,7,0,2,1,1,14,14,0.505833,0.114429,921,5865,18.64
565,7/18/2012,3,1,7,0,3,1,1,14,14,0.577083,0.137442,799,4914,18.64
566,7/19/2012,3,1,7,0,4,1,1,14,14,0.600417,0.165429,888,5703,18.64
567,7/20/2012,3,1,7,0,5,1,2,14,14,0.844167,0.208967,747,5123,18.64
568,7/21/2012,3,1,7,0,6,0,3,14,14,0.865417,0.2133,1264,3195,18.64
569,7/22/2012,3,1,7,0,0,0,2,14,14,0.7625,0.0939208,2544,4866,18.64
570,7/23/2012,3,1,7,0,1,1,1,14,14,0.694167,0.138683,1135,5831,18.64
571,7/24/2012,3,1,7,0,2,1,1,14,14,0.655,0.211454,1140,6452,18.64
572,7/25/2012,3,1,7,0,3,1,1,14,14,0.45,0.1648,1383,6790,18.64
573,7/26/2012,3,1,7,0,4,1,1,14,14,0.596667,0.284813,1036,5825,18.64
574,7/27/2012,3,1,7,0,5,1,1,14,14,0.594583,0.152992,1259,5645,18.64
575,7/28/2012,3,1,7,0,6,0,1,14,14,0.613333,0.15735,2234,4451,18.64
576,7/29/2012,3,1,7,0,0,0,1,14,14,0.62375,0.170396,2153,4444,18.64
577,7/30/2012,3,1,7,0,1,1,1,14,14,0.66875,0.153617,1040,6065,18.64
578,7/31/2012,3,1,7,0,2,1,1,14,14,0.704167,0.165425,968,6248,18.64
579,8/1/2012,3,1,8,0,3,1,1,14,14,0.6775,0.141179,1074,6506,18.64
580,8/2/2012,3,1,8,0,4,1,1,14,14,0.659583,0.129354,983,6278,18.64
581,8/3/2012,3,1,8,0,5,1,2,14,14,0.6425,0.215792,1328,5847,18.64
582,8/4/2012,3,1,8,0,6,0,1,14,14,0.613333,0.257458,2345,4479,18.64
583,8/5/2012,3,1,8,0,0,0,1,14,14,0.6525,0.290421,1707,3757,18.64
584,8/6/2012,3,1,8,0,1,1,2,14,14,0.654167,0.129354,1233,5780,18.64
585,8/7/2012,3,1,8,0,2,1,2,14,14,0.70375,0.116908,1278,5995,18.64
586,8/8/2012,3,1,8,0,3,1,2,14,14,0.672917,0.1107,1263,6271,18.64
587,8/9/2012,3,1,8,0,4,1,1,14,14,0.620417,0.1561,1196,6090,18.64
588,8/10/2012,3,1,8,0,5,1,2,14,14,0.715833,0.238813,1065,4721,18.64
589,8/11/2012,3,1,8,0,6,0,2,14,14,0.732917,0.206479,2247,4052,18.64
590,8/12/2012,3,1,8,0,0,0,1,14,14,0.530417,0.122512,2182,4362,18.64
591,8/13/2012,3,1,8,0,1,1,1,14,14,0.545417,0.136212,1207,5676,18.64
592,8/14/2012,3,1,8,0,2,1,1,14,14,0.686667,0.169158,1128,5656,18.64
593,8/15/2012,3,1,8,0,3,1,1,14,14,0.619583,0.169771,1198,6149,18.64
594,8/16/2012,3,1,8,0,4,1,1,14,14,0.519167,0.141796,1338,6267,18.64
595,8/17/2012,3,1,8,0,5,1,1,14,14,0.570833,0.231354,1483,5665,18.64
596,8/18/2012,3,1,8,0,6,0,1,14,14,0.603333,0.177867,2827,5038,18.64
597,8/19/2012,3,1,8,0,0,0,2,14,14,0.711667,0.08645,1208,3341,18.64
598,8/20/2012,3,1,8,0,1,1,2,14,14,0.734167,0.129979,1026,5504,18.64
599,8/21/2012,3,1,8,0,2,1,1,14,14,0.67375,0.0727708,1081,5925,18.64
600,8/22/2012,3,1,8,0,3,1,1,14,14,0.677083,0.0702833,1094,6281,18.64
601,8/23/2012,3,1,8,0,4,1,1,14,14,0.635833,0.0845958,1363,6402,18.64
602,8/24/2012,3,1,8,0,5,1,2,14,14,0.615,0.0721458,1325,6257,18.64
603,8/25/2012,3,1,8,0,6,0,2,14,14,0.712917,0.244408,1829,4224,18.64
604,8/26/2012,3,1,8,0,0,0,2,14,14,0.845833,0.228858,1483,3772,18.64
605,8/27/2012,3,1,8,0,1,1,1,14,14,0.730417,0.128733,989,5928,18.64
606,8/28/2012,3,1,8,0,2,1,1,14,14,0.62,0.190925,935,6105,18.64
607,8/29/2012,3,1,8,0,3,1,1,14,14,0.552083,0.112562,1177,6520,18.64
608,8/30/2012,3,1,8,0,4,1,1,14,14,0.590417,0.0771167,1172,6541,18.64
609,8/31/2012,3,1,8,0,5,1,1,14,14,0.5875,0.168533,1433,5917,18.64
610,9/1/2012,3,1,9,0,6,0,2,14,14,0.638333,0.113187,2352,3788,18.64
611,9/2/2012,3,1,9,0,0,0,2,14,14,0.815,0.0640708,2613,3197,18.64
612,9/3/2012,3,1,9,1,1,0,1,14,14,0.790833,0.151121,1965,4069,18.64
613,9/4/2012,3,1,9,0,2,1,1,14,14,0.755,0.236321,867,5997,18.64
614,9/5/2012,3,1,9,0,3,1,1,14,14,0.74125,0.187808,832,6280,18.64
615,9/6/2012,3,1,9,0,4,1,2,14,14,0.810417,0.142421,611,5592,18.64
616,9/7/2012,3,1,9,0,5,1,1,14,14,0.73625,0.171646,1045,6459,18.64
617,9/8/2012,3,1,9,0,6,0,2,14,14,0.799167,0.281104,1557,4419,18.64
618,9/9/2012,3,1,9,0,0,0,1,14,14,0.5475,0.224496,2570,5657,18.64
619,9/10/2012,3,1,9,0,1,1,1,14,14,0.50375,0.258713,1118,6407,18.64
620,9/11/2012,3,1,9,0,2,1,1,14,14,0.52,0.0920542,1070,6697,18.64
621,9/12/2012,3,1,9,0,3,1,1,14,14,0.577083,0.131846,1050,6820,18.64
622,9/13/2012,3,1,9,0,4,1,1,14,14,0.637083,0.0827208,1054,6750,18.64
623,9/14/2012,3,1,9,0,5,1,1,14,14,0.6725,0.103863,1379,6630,18.64
624,9/15/2012,3,1,9,0,6,0,1,14,14,0.501667,0.247521,3160,5554,18.64
625,9/16/2012,3,1,9,0,0,0,1,14,14,0.57,0.0901833,2166,5167,18.64
626,9/17/2012,3,1,9,0,1,1,2,14,14,0.734583,0.151742,1022,5847,18.64
627,9/18/2012,3,1,9,0,2,1,2,14,14,0.8725,0.357587,371,3702,18.64
628,9/19/2012,3,1,9,0,3,1,1,14,14,0.536667,0.215175,788,6803,18.64
629,9/20/2012,3,1,9,0,4,1,1,14,14,0.618333,0.118167,939,6781,18.64
630,9/21/2012,3,1,9,0,5,1,1,14,14,0.66875,0.154229,1250,6917,18.64
631,9/22/2012,3,1,9,0,6,0,1,14,14,0.646667,0.283583,2512,5883,18.64
632,9/23/2012,4,1,9,0,0,0,1,14,14,0.467083,0.223258,2454,5453,18.64
633,9/24/2012,4,1,9,0,1,1,1,14,14,0.492917,0.142404,1001,6435,18.64
634,9/25/2012,4,1,9,0,2,1,1,14,14,0.57,0.236321,845,6693,18.64
635,9/26/2012,4,1,9,0,3,1,1,14,14,0.630833,0.2444,787,6946,18.64
636,9/27/2012,4,1,9,0,4,1,2,14,14,0.690833,0.134342,751,6642,18.64
637,9/28/2012,4,1,9,0,5,1,2,14,14,0.69,0.164179,1045,6370,18.64
638,9/29/2012,4,1,9,0,6,0,1,14,14,0.542917,0.227604,2589,5966,18.64
639,9/30/2012,4,1,9,0,0,0,1,14,14,0.583333,0.134958,2015,4874,18.64
640,10/1/2012,4,1,10,0,1,1,2,14,14,0.649167,0.0908042,763,6015,18.64
641,10/2/2012,4,1,10,0,2,1,3,14,14,0.871667,0.104475,315,4324,18.64
642,10/3/2012,4,1,10,0,3,1,2,14,14,0.79375,0.0665458,728,6844,18.64
643,10/4/2012,4,1,10,0,4,1,2,14,14,0.722917,0.117546,891,6437,18.64
644,10/5/2012,4,1,10,0,5,1,1,14,14,0.6275,0.10635,1516,6640,18.64
645,10/6/2012,4,1,10,0,6,0,1,14,14,0.664167,0.268025,3031,4934,18.64
646,10/7/2012,4,1,10,0,0,0,2,14,14,0.708333,0.141162,781,2729,18.64
647,10/8/2012,4,1,10,1,1,0,2,14,14,0.709583,0.189679,874,4604,18.64
648,10/9/2012,4,1,10,0,2,1,2,14,14,0.761667,0.1903,601,5791,18.64
649,10/10/2012,4,1,10,0,3,1,1,14,14,0.630833,0.187821,780,6911,18.64
650,10/11/2012,4,1,10,0,4,1,1,14,14,0.463333,0.181596,834,6736,18.64
651,10/12/2012,4,1,10,0,5,1,1,14,14,0.539167,0.235092,1060,6222,18.64
652,10/13/2012,4,1,10,0,6,0,1,14,14,0.494583,0.146142,2252,4857,18.64
653,10/14/2012,4,1,10,0,0,0,1,14,14,0.640417,0.278612,2080,4559,18.64
654,10/15/2012,4,1,10,0,1,1,2,14,14,0.7075,0.296037,760,5115,18.64
655,10/16/2012,4,1,10,0,2,1,1,14,14,0.558333,0.182221,922,6612,18.64
656,10/17/2012,4,1,10,0,3,1,1,14,14,0.692917,0.101371,979,6482,18.64
657,10/18/2012,4,1,10,0,4,1,2,14,14,0.728333,0.236937,1008,6501,18.64
658,10/19/2012,4,1,10,0,5,1,2,14,14,0.815,0.134954,753,4671,18.64
659,10/20/2012,4,1,10,0,6,0,1,14,14,0.572917,0.117537,2806,5284,18.64
660,10/21/2012,4,1,10,0,0,0,1,14,14,0.51,0.166054,2132,4692,18.64
661,10/22/2012,4,1,10,0,1,1,1,14,14,0.568333,0.0814833,830,6228,18.64
662,10/23/2012,4,1,10,0,2,1,1,14,14,0.641667,0.0945458,841,6625,18.64
663,10/24/2012,4,1,10,0,3,1,1,14,14,0.63625,0.0727792,795,6898,18.64
664,10/25/2012,4,1,10,0,4,1,2,14,14,0.800417,0.124375,875,6484,18.64
665,10/26/2012,4,1,10,0,5,1,2,14,14,0.807083,0.132467,1182,6262,18.64
666,10/27/2012,4,1,10,0,6,0,2,14,14,0.72,0.235692,2643,5209,18.64
667,10/28/2012,4,1,10,0,0,0,2,14,14,0.694583,0.398008,998,3461,18.64
668,10/29/2012,4,1,10,0,1,1,3,14,14,0.88,0.3582,2,20,18.64
669,10/30/2012,4,1,10,0,2,1,2,14,14,0.825455,0.213009,87,1009,18.64
670,10/31/2012,4,1,10,0,3,1,2,14,14,0.666667,0.166667,419,5147,18.64
671,11/1/2012,4,1,11,0,4,1,2,14,14,0.581667,0.157346,466,5520,18.64
672,11/2/2012,4,1,11,0,5,1,1,14,14,0.522083,0.266175,618,5229,18.64
673,11/3/2012,4,1,11,0,6,0,2,14,14,0.49125,0.270529,1029,4109,18.64
674,11/4/2012,4,1,11,0,0,0,1,14,14,0.532917,0.179108,1201,3906,18.64
675,11/5/2012,4,1,11,0,1,1,1,14,14,0.494167,0.236325,378,4881,18.64
676,11/6/2012,4,1,11,0,2,1,1,14,14,0.567083,0.173513,466,5220,18.64
677,11/7/2012,4,1,11,0,3,1,2,14,14,0.5475,0.304108,326,4709,18.64
678,11/8/2012,4,1,11,0,4,1,1,14,14,0.333478,0.347835,340,4975,18.64
679,11/9/2012,4,1,11,0,5,1,1,14,14,0.540833,0.214558,709,5283,18.64
680,11/10/2012,4,1,11,0,6,0,1,14,14,0.645417,0.0578458,2090,4446,18.64
681,11/11/2012,4,1,11,0,0,0,1,14,14,0.659167,0.1275,2290,4562,18.64
682,11/12/2012,4,1,11,1,1,0,1,14,14,0.741667,0.173517,1097,5172,18.64
683,11/13/2012,4,1,11,0,2,1,2,14,14,0.662917,0.342046,327,3767,18.64
684,11/14/2012,4,1,11,0,3,1,1,14,14,0.552083,0.199625,373,5122,18.64
685,11/15/2012,4,1,11,0,4,1,2,14,14,0.620417,0.152987,320,5125,18.64
686,11/16/2012,4,1,11,0,5,1,1,14,14,0.524583,0.171025,484,5214,18.64
687,11/17/2012,4,1,11,0,6,0,1,14,14,0.545417,0.179729,1313,4316,18.64
688,11/18/2012,4,1,11,0,0,0,1,14,14,0.692917,0.227612,922,3747,18.64
689,11/19/2012,4,1,11,0,1,1,2,14,14,0.623333,0.235067,449,5050,18.64
690,11/20/2012,4,1,11,0,2,1,2,14,14,0.685,0.082725,534,5100,18.64
691,11/21/2012,4,1,11,0,3,1,1,14,14,0.61375,0.103246,615,4531,18.64
692,11/22/2012,4,1,11,1,4,0,1,14,14,0.580417,0.0528708,955,1470,18.64
693,11/23/2012,4,1,11,0,5,1,1,14,14,0.56875,0.148021,1603,2307,18.64
694,11/24/2012,4,1,11,0,6,0,1,14,14,0.404583,0.376871,532,1745,18.64
695,11/25/2012,4,1,11,0,0,0,1,14,14,0.468333,0.1505,309,2115,18.64
696,11/26/2012,4,1,11,0,1,1,1,14,14,0.535417,0.04665,337,4750,18.64
697,11/27/2012,4,1,11,0,2,1,2,14,14,0.786667,0.237562,123,3836,18.64
698,11/28/2012,4,1,11,0,3,1,1,14,14,0.50625,0.210821,198,5062,18.64
699,11/29/2012,4,1,11,0,4,1,1,14,14,0.555652,0.115522,243,5080,18.64
700,11/30/2012,4,1,11,0,5,1,1,14,14,0.649583,0.0584708,362,5306,18.64
701,12/1/2012,4,1,12,0,6,0,2,14,14,0.806667,0.0597042,951,4240,18.64
702,12/2/2012,4,1,12,0,0,0,2,14,14,0.823333,0.124379,892,3757,18.64
703,12/3/2012,4,1,12,0,1,1,1,14,14,0.7675,0.0827208,555,5679,18.64
704,12/4/2012,4,1,12,0,2,1,1,14,14,0.73375,0.174129,551,6055,18.64
705,12/5/2012,4,1,12,0,3,1,1,14,14,0.485,0.324021,331,5398,18.64
706,12/6/2012,4,1,12,0,4,1,1,14,14,0.50875,0.174754,340,5035,18.64
707,12/7/2012,4,1,12,0,5,1,2,14,14,0.764167,0.1306,349,4659,18.64
708,12/8/2012,4,1,12,0,6,0,2,14,14,0.91125,0.101379,1153,4429,18.64
709,12/9/2012,4,1,12,0,0,0,2,14,14,0.905417,0.157975,441,2787,18.64
710,12/10/2012,4,1,12,0,1,1,2,14,14,0.925,0.190308,329,4841,18.64
711,12/11/2012,4,1,12,0,2,1,2,14,14,0.596667,0.296037,282,5219,18.64
712,12/12/2012,4,1,12,0,3,1,2,14,14,0.538333,0.162937,310,5009,18.64
713,12/13/2012,4,1,12,0,4,1,1,14,14,0.485833,0.174129,425,5107,18.64
714,12/14/2012,4,1,12,0,5,1,1,14,14,0.642917,0.131229,429,5182,18.64
715,12/15/2012,4,1,12,0,6,0,1,14,14,0.650417,0.10635,767,4280,18.64
716,12/16/2012,4,1,12,0,0,0,2,14,14,0.83875,0.100742,538,3248,18.64
717,12/17/2012,4,1,12,0,1,1,2,14,14,0.907083,0.0982583,212,4373,18.64
718,12/18/2012,4,1,12,0,2,1,1,14,14,0.66625,0.221404,433,5124,18.64
719,12/19/2012,4,1,12,0,3,1,1,14,14,0.625417,0.184092,333,4934,18.64
720,12/20/2012,4,1,12,0,4,1,2,14,14,0.667917,0.132463,314,3814,18.64
721,12/21/2012,1,1,12,0,5,1,2,14,14,0.556667,0.374383,221,3402,18.64
722,12/22/2012,1,1,12,0,6,0,1,14,14,0.44125,0.407346,205,1544,18.64
723,12/23/2012,1,1,12,0,0,0,1,14,14,0.515417,0.133083,408,1379,18.64
724,12/24/2012,1,1,12,0,1,1,2,14,14,0.791304,0.0772304,174,746,18.64
725,12/25/2012,1,1,12,1,2,0,2,14,14,0.734783,0.168726,440,573,18.64
726,12/26/2012,1,1,12,0,3,1,3,14,14,0.823333,0.316546,9,432,18.64
727,12/27/2012,1,1,12,0,4,1,2,14,14,0.652917,0.350133,247,1867,18.64
728,12/28/2012,1,1,12,0,5,1,2,14,14,0.59,0.155471,644,2451,18.64
729,12/29/2012,1,1,12,0,6,0,2,14,14,0.752917,0.124383,159,1182,18.64
730,12/30/2012,1,1,12,0,0,0,1,14,14,0.483333,0.350754,364,1432,18.64
731,12/31/2012,1,1,12,0,1,1,2,14,14,0.5775,0.154846,439,2290,18.64
,,,,,,,,,14,14,,,,,18.64
,,,,,,,,,14,14,,,,,18.64
,,,,,,,,,14,14,,,,,18.64
,,,,,,,,,14,14,,,,,18.64
,,,,,,,,,14,14,,,,,18.64
,,,,,,,,,14,14,,,,,18.64
,,,,,,,,,14,14,,,,,18.64
,,,,,,,,,14,14,,,,,18.64
,,,,,,,,,14,14,,,,,18.64
,,,,,,,,,14,14,,,,,18.64
,,,,,,,,,14,14,,,,,18.64
,,,,,,,,,14,14,,,,,18.64
,,,,,,,,,14,14,,,,,18.64
,,,,,,,,,14,14,,,,,18.64
,,,,,,,,,14,14,,,,,18.64
,,,,,,,,,14,14,,,,,18.64
,,,,,,,,,14,14,,,,,18.64
,,,,,,,,,14,14,,,,,18.64
,,,,,,,,,14,14,,,,,18.64
,,,,,,,,,14,14,,,,,18.64
,,,,,,,,,14,14,,,,,18.64
,,,,,,,,,14,14,,,,,18.64
,,,,,,,,,14,14,,,,,18.64
,,,,,,,,,14,14,,,,,18.64
,,,,,,,,,14,14,,,,,18.64
,,,,,,,,,14,14,,,,,18.64
,,,,,,,,,14,14,,,,,18.64
,,,,,,,,,14,14,,,,,18.64
,,,,,,,,,14,14,,,,,18.64
,,,,,,,,,14,14,,,,,18.64
,,,,,,,,,14,14,,,,,18.64
,,,,,,,,,14,14,,,,,18.64
,,,,,,,,,14,14,,,,,18.64
,,,,,,,,,14,14,,,,,18.64
,,,,,,,,,14,14,,,,,18.64
,,,,,,,,,14,14,,,,,18.64
,,,,,,,,,14,14,,,,,18.64
,,,,,,,,,14,14,,,,,18.64
,,,,,,,,,14,14,,,,,18.64
,,,,,,,,,14,14,,,,,18.64
,,,,,,,,,14,14,,,,,18.64
,,,,,,,,,14,14,,,,,18.64
,,,,,,,,,14,14,,,,,18.64
,,,,,,,,,14,14,,,,,18.64
,,,,,,,,,14,14,,,,,18.64
,,,,,,,,,14,14,,,,,18.64
,,,,,,,,,14,14,,,,,18.64
,,,,,,,,,14,14,,,,,18.64
,,,,,,,,,14,14,,,,,18.64
,,,,,,,,,14,14,,,,,18.64
,,,,,,,,,14,14,,,,,18.64
,,,,,,,,,14,14,,,,,18.64
,,,,,,,,,14,14,,,,,18.64
,,,,,,,,,14,14,,,,,18.64
,,,,,,,,,14,14,,,,,18.64
,,,,,,,,,14,14,,,,,18.64
,,,,,,,,,14,14,,,,,18.64
,,,,,,,,,14,14,,,,,18.64
,,,,,,,,,14,14,,,,,18.64
,,,,,,,,,14,14,,,,,18.64
,,,,,,,,,14,14,,,,,18.64
,,,,,,,,,14,14,,,,,18.64
,,,,,,,,,14,14,,,,,18.64
,,,,,,,,,14,14,,,,,18.64
,,,,,,,,,14,14,,,,,18.64
,,,,,,,,,14,14,,,,,18.64
,,,,,,,,,14,14,,,,,18.64
,,,,,,,,,14,14,,,,,18.64
,,,,,,,,,14,14,,,,,18.64
,,,,,,,,,14,14,,,,,18.64
,,,,,,,,,14,14,,,,,18.64
,,,,,,,,,14,14,,,,,18.64
,,,,,,,,,14,14,,,,,18.64
,,,,,,,,,14,14,,,,,18.64
,,,,,,,,,14,14,,,,,18.64
,,,,,,,,,14,14,,,,,18.64
,,,,,,,,,14,14,,,,,18.64
,,,,,,,,,14,14,,,,,18.64
,,,,,,,,,14,14,,,,,18.64
,,,,,,,,,14,14,,,,,18.64
,,,,,,,,,14,14,,,,,18.64
,,,,,,,,,14,14,,,,,18.64
,,,,,,,,,14,14,,,,,18.64
,,,,,,,,,14,14,,,,,18.64
,,,,,,,,,14,14,,,,,18.64
,,,,,,,,,14,14,,,,,18.64
,,,,,,,,,14,14,,,,,18.64
,,,,,,,,,14,14,,,,,18.64
,,,,,,,,,14,14,,,,,18.64
,,,,,,,,,14,14,,,,,18.64
,,,,,,,,,14,14,,,,,18.64
,,,,,,,,,14,14,,,,,18.64
,,,,,,,,,14,14,,,,,18.64
,,,,,,,,,14,14,,,,,18.64
,,,,,,,,,14,14,,,,,18.64
,,,,,,,,,14,14,,,,,18.64
,,,,,,,,,14,14,,,,,18.64
,,,,,,,,,14,14,,,,,18.64
,,,,,,,,,14,14,,,,,18.64
,,,,,,,,,14,14,,,,,18.64
,,,,,,,,,14,14,,,,,18.64
,,,,,,,,,14,14,,,,,18.64
,,,,,,,,,14,14,,,,,18.64
,,,,,,,,,14,14,,,,,18.64
,,,,,,,,,14,14,,,,,18.64
,,,,,,,,,14,14,,,,,18.64
,,,,,,,,,14,14,,,,,18.64
,,,,,,,,,14,14,,,,,18.64
,,,,,,,,,14,14,,,,,18.64
,,,,,,,,,14,14,,,,,18.64
,,,,,,,,,14,14,,,,,18.64
,,,,,,,,,14,14,,,,,18.64
,,,,,,,,,14,14,,,,,18.64
,,,,,,,,,14,14,,,,,18.64
,,,,,,,,,14,14,,,,,18.64
,,,,,,,,,14,14,,,,,18.64
,,,,,,,,,14,14,,,,,18.64
,,,,,,,,,14,14,,,,,18.64
,,,,,,,,,14,14,,,,,18.64
,,,,,,,,,14,14,,,,,18.64
,,,,,,,,,14,14,,,,,18.64
,,,,,,,,,14,14,,,,,18.64
,,,,,,,,,14,14,,,,,18.64
,,,,,,,,,14,14,,,,,18.64
,,,,,,,,,14,14,,,,,18.64
,,,,,,,,,14,14,,,,,18.64
,,,,,,,,,14,14,,,,,18.64
,,,,,,,,,14,14,,,,,18.64
,,,,,,,,,14,14,,,,,18.64
,,,,,,,,,14,14,,,,,18.64
,,,,,,,,,14,14,,,,,18.64
,,,,,,,,,14,14,,,,,18.64
,,,,,,,,,14,14,,,,,18.64
,,,,,,,,,14,14,,,,,18.64
,,,,,,,,,14,14,,,,,18.64
,,,,,,,,,14,14,,,,,18.64
,,,,,,,,,14,14,,,,,18.64
,,,,,,,,,14,14,,,,,18.64
,,,,,,,,,14,14,,,,,18.64
,,,,,,,,,14,14,,,,,18.64
,,,,,,,,,14,14,,,,,18.64
,,,,,,,,,14,14,,,,,18.64
,,,,,,,,,14,14,,,,,18.64
,,,,,,,,,14,14,,,,,18.64
,,,,,,,,,14,14,,,,,18.64
,,,,,,,,,14,14,,,,,18.64
,,,,,,,,,14,14,,,,,18.64
,,,,,,,,,14,14,,,,,18.64
,,,,,,,,,14,14,,,,,18.64
,,,,,,,,,14,14,,,,,18.64
,,,,,,,,,14,14,,,,,18.64
,,,,,,,,,14,14,,,,,18.64
,,,,,,,,,14,14,,,,,18.64
,,,,,,,,,14,14,,,,,18.64
,,,,,,,,,14,14,,,,,18.64
,,,,,,,,,14,14,,,,,18.64
,,,,,,,,,14,14,,,,,18.64
,,,,,,,,,14,14,,,,,18.64
,,,,,,,,,14,14,,,,,18.64
,,,,,,,,,14,14,,,,,18.64
,,,,,,,,,14,14,,,,,18.64
,,,,,,,,,14,14,,,,,18.64
,,,,,,,,,14,14,,,,,18.64
,,,,,,,,,14,14,,,,,18.64
,,,,,,,,,14,14,,,,,18.64
,,,,,,,,,14,14,,,,,18.64
,,,,,,,,,14,14,,,,,18.64
,,,,,,,,,14,14,,,,,18.64
,,,,,,,,,14,14,,,,,18.64
,,,,,,,,,14,14,,,,,18.64
,,,,,,,,,14,14,,,,,18.64
,,,,,,,,,14,14,,,,,18.64
,,,,,,,,,14,14,,,,,18.64
,,,,,,,,,14,14,,,,,18.64
,,,,,,,,,14,14,,,,,18.64
,,,,,,,,,14,14,,,,,18.64
,,,,,,,,,14,14,,,,,18.64
,,,,,,,,,14,14,,,,,18.64
,,,,,,,,,14,14,,,,,18.64
,,,,,,,,,14,14,,,,,18.64
,,,,,,,,,14,14,,,,,18.64
,,,,,,,,,14,14,,,,,18.64
,,,,,,,,,14,14,,,,,18.64
,,,,,,,,,14,14,,,,,18.64
,,,,,,,,,14,14,,,,,18.64
,,,,,,,,,14,14,,,,,18.64
,,,,,,,,,14,14,,,,,18.64
,,,,,,,,,14,14,,,,,18.64
,,,,,,,,,14,14,,,,,18.64
,,,,,,,,,14,14,,,,,18.64
,,,,,,,,,14,14,,,,,18.64
,,,,,,,,,14,14,,,,,18.64
,,,,,,,,,14,14,,,,,18.64
,,,,,,,,,14,14,,,,,18.64
,,,,,,,,,14,14,,,,,18.64
,,,,,,,,,14,14,,,,,18.64
,,,,,,,,,14,14,,,,,18.64
,,,,,,,,,14,14,,,,,18.64
,,,,,,,,,14,14,,,,,18.64
,,,,,,,,,14,14,,,,,18.64
,,,,,,,,,14,14,,,,,18.64
,,,,,,,,,14,14,,,,,18.64
,,,,,,,,,14,14,,,,,18.64
,,,,,,,,,14,14,,,,,18.64
,,,,,,,,,14,14,,,,,18.64
,,,,,,,,,14,14,,,,,18.64
,,,,,,,,,14,14,,,,,18.64
,,,,,,,,,14,14,,,,,18.64
,,,,,,,,,14,14,,,,,18.64
,,,,,,,,,14,14,,,,,18.64
,,,,,,,,,14,14,,,,,18.64
,,,,,,,,,14,14,,,,,18.64
,,,,,,,,,14,14,,,,,18.64
,,,,,,,,,14,14,,,,,18.64
,,,,,,,,,14,14,,,,,18.64
,,,,,,,,,14,14,,,,,18.64
,,,,,,,,,14,14,,,,,18.64
,,,,,,,,,14,14,,,,,18.64
,,,,,,,,,14,14,,,,,18.64
,,,,,,,,,14,14,,,,,18.64
,,,,,,,,,14,14,,,,,18.64
,,,,,,,,,14,14,,,,,18.64
,,,,,,,,,14,14,,,,,18.64
,,,,,,,,,14,14,,,,,18.64
,,,,,,,,,14,14,,,,,18.64
,,,,,,,,,14,14,,,,,18.64
,,,,,,,,,14,14,,,,,18.64
,,,,,,,,,14,14,,,,,18.64
,,,,,,,,,14,14,,,,,18.64
,,,,,,,,,14,14,,,,,18.64
,,,,,,,,,14,14,,,,,18.64
,,,,,,,,,14,14,,,,,18.64
,,,,,,,,,14,14,,,,,18.64
,,,,,,,,,14,14,,,,,18.64
,,,,,,,,,14,14,,,,,18.64
,,,,,,,,,14,14,,,,,18.64
,,,,,,,,,14,14,,,,,18.64
,,,,,,,,,14,14,,,,,18.64
,,,,,,,,,14,14,,,,,18.64
,,,,,,,,,14,14,,,,,18.64
,,,,,,,,,14,14,,,,,18.64
,,,,,,,,,14,14,,,,,18.64
,,,,,,,,,14,14,,,,,18.64
,,,,,,,,,14,14,,,,,18.64
,,,,,,,,,14,14,,,,,18.64
,,,,,,,,,14,14,,,,,18.64
,,,,,,,,,14,14,,,,,18.64
,,,,,,,,,14,14,,,,,18.64
,,,,,,,,,14,14,,,,,18.64
,,,,,,,,,14,14,,,,,18.64
,,,,,,,,,14,14,,,,,18.64
,,,,,,,,,14,14,,,,,18.64
,,,,,,,,,14,14,,,,,18.64
,,,,,,,,,14,14,,,,,18.64
,,,,,,,,,14,14,,,,,18.64
,,,,,,,,,14,14,,,,,18.64
,,,,,,,,,14,14,,,,,18.64
,,,,,,,,,14,14,,,,,18.64
,,,,,,,,,14,14,,,,,18.64
,,,,,,,,,14,14,,,,,18.64
,,,,,,,,,14,14,,,,,18.64
,,,,,,,,,14,14,,,,,18.64
,,,,,,,,,14,14,,,,,18.64
,,,,,,,,,14,14,,,,,18.64
,,,,,,,,,14,14,,,,,18.64
,,,,,,,,,14,14,,,,,18.64
,,,,,,,,,14,14,,,,,18.64
,,,,,,,,,14,14,,,,,18.64
,,,,,,,,,14,14,,,,,18.64
,,,,,,,,,14,14,,,,,18.64
,,,,,,,,,14,14,,,,,18.64
,,,,,,,,,14,14,,,,,18.64
,,,,,,,,,14,14,,,,,18.64
,,,,,,,,,14,14,,,,,18.64
,,,,,,,,,14,14,,,,,18.64
,,,,,,,,,14,14,,,,,18.64
,,,,,,,,,14,14,,,,,18.64
,,,,,,,,,14,14,,,,,18.64
,,,,,,,,,14,14,,,,,18.64
,,,,,,,,,14,14,,,,,18.64
,,,,,,,,,14,14,,,,,18.64
,,,,,,,,,14,14,,,,,18.64
,,,,,,,,,14,14,,,,,18.64
,,,,,,,,,14,14,,,,,18.64
,,,,,,,,,14,14,,,,,18.64
,,,,,,,,,14,14,,,,,18.64
,,,,,,,,,14,14,,,,,18.64
,,,,,,,,,14,14,,,,,18.64
,,,,,,,,,14,14,,,,,18.64
,,,,,,,,,14,14,,,,,18.64
,,,,,,,,,14,14,,,,,18.64
,,,,,,,,,14,14,,,,,18.64
,,,,,,,,,14,14,,,,,18.64
,,,,,,,,,14,14,,,,,18.64
,,,,,,,,,14,14,,,,,18.64
,,,,,,,,,14,14,,,,,18.64
,,,,,,,,,14,14,,,,,18.64
,,,,,,,,,14,14,,,,,18.64
,,,,,,,,,14,14,,,,,18.64
,,,,,,,,,14,14,,,,,18.64
,,,,,,,,,14,14,,,,,18.64
,,,,,,,,,14,14,,,,,18.64
,,,,,,,,,14,14,,,,,18.64
,,,,,,,,,14,14,,,,,18.64
,,,,,,,,,14,14,,,,,18.64
,,,,,,,,,14,14,,,,,18.64
,,,,,,,,,14,14,,,,,18.64
,,,,,,,,,14,14,,,,,18.64
,,,,,,,,,14,14,,,,,18.64
,,,,,,,,,14,14,,,,,18.64
,,,,,,,,,14,14,,,,,18.64
,,,,,,,,,14,14,,,,,18.64
,,,,,,,,,14,14,,,,,18.64
,,,,,,,,,14,14,,,,,18.64
,,,,,,,,,14,14,,,,,18.64
,,,,,,,,,14,14,,,,,18.64
,,,,,,,,,14,14,,,,,18.64
,,,,,,,,,14,14,,,,,18.64
,,,,,,,,,14,14,,,,,18.64
,,,,,,,,,14,14,,,,,18.64
,,,,,,,,,14,14,,,,,18.64
,,,,,,,,,14,14,,,,,18.64
,,,,,,,,,14,14,,,,,18.64
,,,,,,,,,14,14,,,,,18.64
,,,,,,,,,14,14,,,,,18.64
,,,,,,,,,14,14,,,,,18.64
,,,,,,,,,14,14,,,,,18.64
,,,,,,,,,14,14,,,,,18.64
,,,,,,,,,14,14,,,,,18.64
,,,,,,,,,14,14,,,,,18.64
,,,,,,,,,14,14,,,,,18.64
,,,,,,,,,14,14,,,,,18.64
,,,,,,,,,14,14,,,,,18.64
,,,,,,,,,14,14,,,,,18.64
,,,,,,,,,14,14,,,,,18.64
,,,,,,,,,14,14,,,,,18.64
,,,,,,,,,14,14,,,,,18.64
,,,,,,,,,14,14,,,,,18.64
,,,,,,,,,14,14,,,,,18.64
,,,,,,,,,14,14,,,,,18.64
,,,,,,,,,14,14,,,,,18.64
,,,,,,,,,14,14,,,,,18.64
,,,,,,,,,14,14,,,,,18.64
,,,,,,,,,14,14,,,,,18.64
,,,,,,,,,14,14,,,,,18.64
,,,,,,,,,14,14,,,,,18.64
,,,,,,,,,14,14,,,,,18.64
,,,,,,,,,14,14,,,,,18.64
,,,,,,,,,14,14,,,,,18.64
,,,,,,,,,14,14,,,,,18.64
,,,,,,,,,14,14,,,,,18.64
,,,,,,,,,14,14,,,,,18.64
,,,,,,,,,14,14,,,,,18.64
,,,,,,,,,14,14,,,,,18.64
,,,,,,,,,14,14,,,,,18.64
,,,,,,,,,14,14,,,,,18.64
,,,,,,,,,14,14,,,,,18.64
,,,,,,,,,14,14,,,,,18.64
,,,,,,,,,14,14,,,,,18.64
,,,,,,,,,14,14,,,,,18.64
,,,,,,,,,14,14,,,,,18.64
,,,,,,,,,14,14,,,,,18.64
,,,,,,,,,14,14,,,,,18.64
,,,,,,,,,14,14,,,,,18.64
,,,,,,,,,14,14,,,,,18.64
,,,,,,,,,14,14,,,,,18.64
,,,,,,,,,14,14,,,,,18.64
,,,,,,,,,14,14,,,,,18.64
,,,,,,,,,14,14,,,,,18.64
,,,,,,,,,14,14,,,,,18.64
,,,,,,,,,14,14,,,,,18.64
,,,,,,,,,14,14,,,,,18.64
,,,,,,,,,14,14,,,,,18.64
,,,,,,,,,14,14,,,,,18.64
,,,,,,,,,14,14,,,,,18.64
,,,,,,,,,14,14,,,,,18.64
,,,,,,,,,14,14,,,,,18.64
,,,,,,,,,14,14,,,,,18.64
,,,,,,,,,14,14,,,,,18.64
,,,,,,,,,14,14,,,,,18.64
,,,,,,,,,14,14,,,,,18.64
,,,,,,,,,14,14,,,,,18.64
,,,,,,,,,14,14,,,,,18.64
,,,,,,,,,14,14,,,,,18.64
,,,,,,,,,14,14,,,,,18.64
,,,,,,,,,14,14,,,,,18.64
,,,,,,,,,14,14,,,,,18.64
,,,,,,,,,14,14,,,,,18.64
,,,,,,,,,14,14,,,,,18.64
,,,,,,,,,14,14,,,,,18.64
,,,,,,,,,14,14,,,,,18.64
,,,,,,,,,14,14,,,,,18.64
,,,,,,,,,14,14,,,,,18.64
,,,,,,,,,14,14,,,,,18.64
,,,,,,,,,14,14,,,,,18.64
,,,,,,,,,14,14,,,,,18.64
,,,,,,,,,14,14,,,,,18.64
,,,,,,,,,14,14,,,,,18.64
,,,,,,,,,14,14,,,,,18.64
,,,,,,,,,14,14,,,,,18.64
,,,,,,,,,14,14,,,,,18.64
,,,,,,,,,14,14,,,,,18.64
,,,,,,,,,14,14,,,,,18.64
,,,,,,,,,14,14,,,,,18.64
,,,,,,,,,14,14,,,,,18.64
,,,,,,,,,14,14,,,,,18.64
,,,,,,,,,14,14,,,,,18.64
,,,,,,,,,14,14,,,,,18.64
,,,,,,,,,14,14,,,,,18.64
,,,,,,,,,14,14,,,,,18.64
,,,,,,,,,14,14,,,,,18.64
,,,,,,,,,14,14,,,,,18.64
,,,,,,,,,14,14,,,,,18.64
,,,,,,,,,14,14,,,,,18.64
,,,,,,,,,14,14,,,,,18.64
,,,,,,,,,14,14,,,,,18.64
,,,,,,,,,14,14,,,,,18.64
,,,,,,,,,14,14,,,,,18.64
,,,,,,,,,14,14,,,,,18.64
,,,,,,,,,14,14,,,,,18.64
,,,,,,,,,14,14,,,,,18.64
,,,,,,,,,22,22,,,,,32.54
,,,,,,,,,22,22,,,,,32.54
,,,,,,,,,22,22,,,,,32.54
,,,,,,,,,22,22,,,,,32.54
,,,,,,,,,22,22,,,,,32.54
,,,,,,,,,22,22,,,,,32.54
,,,,,,,,,22,22,,,,,32.54
,,,,,,,,,22,22,,,,,32.54
,,,,,,,,,22,22,,,,,32.54
,,,,,,,,,22,22,,,,,32.54
,,,,,,,,,22,22,,,,,32.54
,,,,,,,,,22,22,,,,,32.54
,,,,,,,,,22,22,,,,,32.54
,,,,,,,,,22,22,,,,,32.54
,,,,,,,,,22,22,,,,,32.54
,,,,,,,,,22,22,,,,,32.54
,,,,,,,,,22,22,,,,,32.54
,,,,,,,,,22,22,,,,,32.54
,,,,,,,,,22,22,,,,,32.54
,,,,,,,,,22,22,,,,,32.54
,,,,,,,,,22,22,,,,,32.54
,,,,,,,,,22,22,,,,,32.54
,,,,,,,,,22,22,,,,,32.54
,,,,,,,,,22,22,,,,,32.54
,,,,,,,,,22,22,,,,,32.54
,,,,,,,,,22,22,,,,,32.54
,,,,,,,,,22,22,,,,,32.54
,,,,,,,,,22,22,,,,,32.54
,,,,,,,,,22,22,,,,,32.54
,,,,,,,,,22,22,,,,,32.54
,,,,,,,,,22,22,,,,,32.54
,,,,,,,,,22,22,,,,,32.54
,,,,,,,,,22,22,,,,,32.54
,,,,,,,,,22,22,,,,,32.54
,,,,,,,,,22,22,,,,,32.54
,,,,,,,,,22,22,,,,,32.54
,,,,,,,,,22,22,,,,,32.54
,,,,,,,,,22,22,,,,,32.54
,,,,,,,,,22,22,,,,,32.54
,,,,,,,,,22,22,,,,,32.54
,,,,,,,,,22,22,,,,,32.54
,,,,,,,,,22,22,,,,,32.54
,,,,,,,,,22,22,,,,,32.54
,,,,,,,,,22,22,,,,,32.54
,,,,,,,,,22,22,,,,,32.54
,,,,,,,,,22,22,,,,,32.54
,,,,,,,,,22,22,,,,,32.54
,,,,,,,,,22,22,,,,,32.54
,,,,,,,,,22,22,,,,,32.54
,,,,,,,,,22,22,,,,,32.54
,,,,,,,,,22,22,,,,,32.54
,,,,,,,,,22,22,,,,,32.54
,,,,,,,,,22,22,,,,,32.54
,,,,,,,,,22,22,,,,,32.54
,,,,,,,,,22,22,,,,,32.54
,,,,,,,,,22,22,,,,,32.54
,,,,,,,,,22,22,,,,,32.54
,,,,,,,,,22,22,,,,,32.54
,,,,,,,,,22,22,,,,,32.54
,,,,,,,,,22,22,,,,,32.54
,,,,,,,,,22,22,,,,,32.54
,,,,,,,,,22,22,,,,,32.54
,,,,,,,,,22,22,,,,,32.54
,,,,,,,,,22,22,,,,,32.54
,,,,,,,,,22,22,,,,,32.54
,,,,,,,,,22,22,,,,,32.54
,,,,,,,,,22,22,,,,,32.54
,,,,,,,,,22,22,,,,,32.54
,,,,,,,,,22,22,,,,,32.54
,,,,,,,,,22,22,,,,,32.54
,,,,,,,,,22,22,,,,,32.54
,,,,,,,,,22,22,,,,,32.54
,,,,,,,,,22,22,,,,,32.54
,,,,,,,,,22,22,,,,,32.54
,,,,,,,,,22,22,,,,,32.54
,,,,,,,,,22,22,,,,,32.54
,,,,,,,,,22,22,,,,,32.54
,,,,,,,,,22,22,,,,,32.54
,,,,,,,,,22,22,,,,,32.54
,,,,,,,,,22,22,,,,,32.54
,,,,,,,,,22,22,,,,,32.54
,,,,,,,,,22,22,,,,,32.54
,,,,,,,,,22,22,,,,,32.54
,,,,,,,,,22,22,,,,,32.54
,,,,,,,,,22,22,,,,,32.54
,,,,,,,,,22,22,,,,,32.54
,,,,,,,,,22,22,,,,,32.54
,,,,,,,,,22,22,,,,,32.54
,,,,,,,,,22,22,,,,,32.54
,,,,,,,,,22,22,,,,,32.54
,,,,,,,,,22,22,,,,,32.54
,,,,,,,,,22,22,,,,,32.54
,,,,,,,,,22,22,,,,,32.54
,,,,,,,,,22,22,,,,,32.54
,,,,,,,,,22,22,,,,,32.54
,,,,,,,,,22,22,,,,,32.54
,,,,,,,,,22,22,,,,,32.54
,,,,,,,,,22,22,,,,,32.54
,,,,,,,,,22,22,,,,,32.54
,,,,,,,,,22,22,,,,,32.54
,,,,,,,,,22,22,,,,,32.54
,,,,,,,,,22,22,,,,,32.54
,,,,,,,,,22,22,,,,,32.54
,,,,,,,,,22,22,,,,,32.54
,,,,,,,,,22,22,,,,,32.54
,,,,,,,,,22,22,,,,,32.54
,,,,,,,,,22,22,,,,,32.54
,,,,,,,,,22,22,,,,,32.54
,,,,,,,,,22,22,,,,,32.54
,,,,,,,,,22,22,,,,,32.54
,,,,,,,,,22,22,,,,,32.54
,,,,,,,,,22,22,,,,,32.54
,,,,,,,,,22,22,,,,,32.54
,,,,,,,,,30,30,,,,,46.95
,,,,,,,,,30,30,,,,,46.95
,,,,,,,,,30,30,,,,,46.95
,,,,,,,,,30,30,,,,,46.95
,,,,,,,,,30,30,,,,,46.95
,,,,,,,,,30,30,,,,,46.95
,,,,,,,,,30,30,,,,,46.95
,,,,,,,,,30,30,,,,,46.95
,,,,,,,,,30,30,,,,,46.95
,,,,,,,,,30,30,,,,,46.95
,,,,,,,,,30,30,,,,,46.95
,,,,,,,,,30,30,,,,,46.95
,,,,,,,,,30,30,,,,,46.95
,,,,,,,,,30,30,,,,,46.95
,,,,,,,,,30,30,,,,,46.95
,,,,,,,,,30,30,,,,,46.95
,,,,,,,,,30,30,,,,,46.95
,,,,,,,,,30,30,,,,,46.95
,,,,,,,,,30,30,,,,,46.95
,,,,,,,,,30,30,,,,,46.95
,,,,,,,,,30,30,,,,,46.95
,,,,,,,,,30,30,,,,,46.95
,,,,,,,,,30,30,,,,,46.95
,,,,,,,,,30,30,,,,,46.95
,,,,,,,,,30,30,,,,,46.95
,,,,,,,,,30,30,,,,,46.95
,,,,,,,,,30,30,,,,,46.95
,,,,,,,,,30,30,,,,,46.95
,,,,,,,,,30,30,,,,,46.95
,,,,,,,,,30,30,,,,,46.95
,,,,,,,,,30,30,,,,,46.95
,,,,,,,,,30,30,,,,,46.95
,,,,,,,,,30,30,,,,,46.95
,,,,,,,,,30,30,,,,,46.95
,,,,,,,,,30,30,,,,,46.95
,,,,,,,,,30,30,,,,,46.95
,,,,,,,,,30,30,,,,,46.95
,,,,,,,,,30,30,,,,,46.95
,,,,,,,,,30,30,,,,,46.95
,,,,,,,,,30,30,,,,,46.95
,,,,,,,,,30,30,,,,,46.95
,,,,,,,,,30,30,,,,,46.95
,,,,,,,,,30,30,,,,,46.95
,,,,,,,,,30,30,,,,,46.95
,,,,,,,,,30,30,,,,,46.95
,,,,,,,,,30,30,,,,,46.95
,,,,,,,,,30,30,,,,,46.95
,,,,,,,,,30,30,,,,,46.95
,,,,,,,,,30,30,,,,,46.95
,,,,,,,,,30,30,,,,,46.95
,,,,,,,,,30,30,,,,,46.95
,,,,,,,,,30,30,,,,,46.95
,,,,,,,,,30,30,,,,,46.95
,,,,,,,,,30,30,,,,,46.95
,,,,,,,,,30,30,,,,,46.95
,,,,,,,,,30,30,,,,,46.95
,,,,,,,,,30,30,,,,,46.95
,,,,,,,,,30,30,,,,,46.95
,,,,,,,,,30,30,,,,,46.95
,,,,,,,,,30,30,,,,,46.95
,,,,,,,,,38,38,,,,,61.65
,,,,,,,,,38,38,,,,,61.65
,,,,,,,,,38,38,,,,,61.65
,,,,,,,,,46,46,,,,,76.56
,,,,,,,,,46,46,,,,,76.56
,,,,,,,,,46,46,,,,,76.56
,,,,,,,,,46,46,,,,,76.56
,,,,,,,,,46,46,,,,,76.56
,,,,,,,,,46,46,,,,,76.56
,,,,,,,,,62,62,,,,,106.76
,,,,,,,,,70,70,,,,,122.00
